kind,geoid,name,qualified_name,state,state_name,west,south,east,north
state,01,Alabama,Alabama,AL,Alabama,-88.473227,30.223334,-84.889080,35.008028
state,02,Alaska,Alaska,AK,Alaska,-179.146711,51.215567,179.778470,71.387815
state,04,Arizona,Arizona,AZ,Arizona,-114.816510,31.332177,-109.045223,37.004260
state,05,Arkansas,Arkansas,AR,Arkansas,-94.617919,33.004291,-89.641003,36.499600
state,06,California,California,CA,California,-124.409591,32.534435,-114.131211,42.009485
state,08,Colorado,Colorado,CO,Colorado,-109.060253,36.992426,-102.041524,41.003444
state,09,Connecticut,Connecticut,CT,Connecticut,-73.727775,40.980144,-71.786994,42.050587
state,10,Delaware,Delaware,DE,Delaware,-75.788658,38.451196,-75.048939,39.839007
state,11,District of Columbia,District of Columbia,DC,District of Columbia,-77.119759,38.791645,-76.909395,38.995110
state,12,Florida,Florida,FL,Florida,-87.634938,24.521304,-80.031362,31.000888
state,13,Georgia,Georgia,GA,Georgia,-85.605165,30.357851,-80.840378,35.001244
state,15,Hawaii,Hawaii,HI,Hawaii,-178.334698,18.910361,-154.806773,28.402123
state,16,Idaho,Idaho,ID,Idaho,-117.243027,41.988209,-111.043564,49.000911
state,17,Illinois,Illinois,IL,Illinois,-91.513079,36.970298,-87.495199,42.508481
state,18,Indiana,Indiana,IN,Indiana,-88.097892,37.771742,-84.784579,41.760592
state,19,Iowa,Iowa,IA,Iowa,-96.638621,40.375659,-90.140061,43.501196
state,20,Kansas,Kansas,KS,Kansas,-102.051744,36.993016,-94.588413,40.003162
state,21,Kentucky,Kentucky,KY,Kentucky,-89.571509,36.497129,-81.964971,39.147458
state,22,Louisiana,Louisiana,LA,Louisiana,-94.043147,28.928609,-88.817017,33.019457
state,23,Maine,Maine,ME,Maine,-71.083924,42.977764,-66.949895,47.459686
state,24,Maryland,Maryland,MD,Maryland,-79.487651,37.911717,-75.048939,39.723043
state,25,Massachusetts,Massachusetts,MA,Massachusetts,-73.508142,41.237964,-69.928393,42.886589
state,26,Michigan,Michigan,MI,Michigan,-90.418136,41.696118,-82.413474,48.238800
state,27,Minnesota,Minnesota,MN,Minnesota,-97.239209,43.499369,-89.493977,49.384358
state,28,Mississippi,Mississippi,MS,Mississippi,-91.655009,30.175372,-88.097888,34.996052
state,29,Missouri,Missouri,MO,Missouri,-95.774704,35.995683,-89.098843,40.613640
state,30,Montana,Montana,MT,Montana,-116.049155,44.357962,-104.039563,49.001390
state,31,Nebraska,Nebraska,NE,Nebraska,-104.053514,39.999998,-95.308290,43.001708
state,32,Nevada,Nevada,NV,Nevada,-120.006455,35.001857,-114.039648,42.002207
state,33,New Hampshire,New Hampshire,NH,New Hampshire,-72.557247,42.696990,-70.610621,45.305476
state,34,New Jersey,New Jersey,NJ,New Jersey,-75.559537,38.928519,-73.893628,41.357423
state,35,New Mexico,New Mexico,NM,New Mexico,-109.050173,31.332301,-103.001964,37.000232
state,36,New York,New York,NY,New York,-79.762152,40.496103,-71.856483,45.015850
state,37,North Carolina,North Carolina,NC,North Carolina,-84.321869,33.842316,-75.460621,36.588117
state,38,North Dakota,North Dakota,ND,North Dakota,-104.048900,45.935054,-96.554507,49.000574
state,39,Ohio,Ohio,OH,Ohio,-84.820157,38.403202,-80.518693,41.977164
state,40,Oklahoma,Oklahoma,OK,Oklahoma,-103.002565,33.615833,-94.430662,37.002206
state,41,Oregon,Oregon,OR,Oregon,-124.566244,41.991794,-116.463504,46.290834
state,42,Pennsylvania,Pennsylvania,PA,Pennsylvania,-80.519891,39.719800,-74.689516,42.269860
state,44,Rhode Island,Rhode Island,RI,Rhode Island,-71.862772,41.146339,-71.120570,42.018798
state,45,South Carolina,South Carolina,SC,South Carolina,-83.353910,32.037593,-78.547324,35.215402
state,46,South Dakota,South Dakota,SD,South Dakota,-104.057879,42.479635,-96.436589,45.945450
state,47,Tennessee,Tennessee,TN,Tennessee,-90.310453,34.982972,-81.646900,36.678118
state,48,Texas,Texas,TX,Texas,-106.645646,25.837377,-93.508292,36.500704
state,49,Utah,Utah,UT,Utah,-114.052962,36.997968,-109.041058,42.001702
state,50,Vermont,Vermont,VT,Vermont,-73.437740,42.726853,-71.464555,45.016659
state,51,Virginia,Virginia,VA,Virginia,-83.675395,36.540738,-75.242469,39.466012
state,53,Washington,Washington,WA,Washington,-124.763068,45.543541,-116.915989,49.002494
state,54,West Virginia,West Virginia,WV,West Virginia,-82.644739,37.201483,-77.719519,40.638801
state,55,Wisconsin,Wisconsin,WI,Wisconsin,-92.888114,42.491983,-86.805415,47.080621
state,56,Wyoming,Wyoming,WY,Wyoming,-111.054556,40.994746,-104.052160,45.005815
state,60,American Samoa,American Samoa,AS,American Samoa,-171.089874,-14.548699,-168.143300,-11.046934
state,66,Guam,Guam,GU,Guam,144.618068,13.234189,144.956712,13.654383
state,69,Commonwealth of the Northern Mariana Islands,Commonwealth of the Northern Mariana Islands,MP,Commonwealth of the Northern Mariana Islands,144.886369,14.110472,146.064525,20.553247
state,72,Puerto Rico,Puerto Rico,PR,Puerto Rico,-67.945404,17.883280,-65.221077,18.516023
state,78,United States Virgin Islands,United States Virgin Islands,VI,United States Virgin Islands,-65.085362,17.674678,-64.565594,18.415815
county,01001,Autauga,Autauga County,AL,Alabama,-86.921196,32.307574,-86.411172,32.708213
county,01003,Baldwin,Baldwin County,AL,Alabama,-88.028580,30.223334,-87.366591,31.319007
county,01005,Barbour,Barbour County,AL,Alabama,-85.748251,31.617747,-85.049310,32.148251
county,01007,Bibb,Bibb County,AL,Alabama,-87.421989,32.831522,-86.876118,33.246907
county,01009,Blount,Blount County,AL,Alabama,-86.963358,33.765191,-86.303516,34.260170
county,01011,Bullock,Bullock County,AL,Alabama,-85.999157,31.880275,-85.410042,32.305225
county,01013,Butler,Butler County,AL,Alabama,-86.908939,31.523683,-86.438341,31.964629
county,01015,Calhoun,Calhoun County,AL,Alabama,-86.146225,33.556075,-85.529432,33.968460
county,01017,Chambers,Chambers County,AL,Alabama,-85.593638,32.728530,-85.122189,33.109032
county,01019,Cherokee,Cherokee County,AL,Alabama,-85.843875,33.941423,-85.398837,34.526255
county,01021,Chilton,Chilton County,AL,Alabama,-87.019157,32.660117,-86.371151,33.071861
county,01023,Choctaw,Choctaw County,AL,Alabama,-88.473227,31.697952,-87.928250,32.310574
county,01025,Clarke,Clarke County,AL,Alabama,-88.180821,31.185486,-87.500930,31.991355
county,01027,Clay,Clay County,AL,Alabama,-86.174370,33.090260,-85.641129,33.498742
county,01029,Cleburne,Cleburne County,AL,Alabama,-85.887782,33.469349,-85.304439,33.964204
county,01031,Coffee,Coffee County,AL,Alabama,-86.196365,31.182057,-85.789140,31.619311
county,01033,Colbert,Colbert County,AL,Alabama,-88.139988,34.566230,-87.415888,34.906613
county,01035,Conecuh,Conecuh County,AL,Alabama,-87.427455,31.181133,-86.662082,31.753035
county,01037,Coosa,Coosa County,AL,Alabama,-86.522283,32.753483,-86.000050,33.104695
county,01039,Covington,Covington County,AL,Alabama,-86.702791,30.993245,-86.186876,31.528604
county,01041,Crenshaw,Crenshaw County,AL,Alabama,-86.503948,31.440072,-86.143950,32.051664
county,01043,Cullman,Cullman County,AL,Alabama,-87.151036,33.857974,-86.451111,34.313799
county,01045,Dale,Dale County,AL,Alabama,-85.791556,31.195173,-85.415336,31.620267
county,01047,Dallas,Dallas County,AL,Alabama,-87.473080,32.047202,-86.806867,32.729532
county,01049,DeKalb,DeKalb County,AL,Alabama,-86.118894,34.199262,-85.513709,34.860371
county,01051,Elmore,Elmore County,AL,Alabama,-86.413335,32.406146,-85.852718,32.769225
county,01053,Escambia,Escambia County,AL,Alabama,-87.616074,30.994596,-86.688063,31.261902
county,01055,Etowah,Etowah County,AL,Alabama,-86.370152,33.841598,-85.737137,34.200756
county,01057,Fayette,Fayette County,AL,Alabama,-87.951817,33.519568,-87.423701,33.919930
county,01059,Franklin,Franklin County,AL,Alabama,-88.173632,34.304598,-87.529667,34.581703
county,01061,Geneva,Geneva County,AL,Alabama,-86.193476,30.992870,-85.485294,31.199886
county,01063,Greene,Greene County,AL,Alabama,-88.207497,32.517794,-87.706329,33.153637
county,01065,Hale,Hale County,AL,Alabama,-87.870464,32.480783,-87.420560,33.006824
county,01067,Henry,Henry County,AL,Alabama,-85.418035,31.307675,-85.041305,31.774364
county,01069,Houston,Houston County,AL,Alabama,-85.712409,30.997083,-84.999428,31.314973
county,01071,Jackson,Jackson County,AL,Alabama,-86.359034,34.464571,-85.583145,34.991098
county,01073,Jefferson,Jefferson County,AL,Alabama,-87.341698,33.246007,-86.516678,33.843237
county,01075,Lamar,Lamar County,AL,Alabama,-88.274619,33.524065,-87.946305,34.058333
county,01077,Lauderdale,Lauderdale County,AL,Alabama,-88.202959,34.731931,-87.210759,35.008028
county,01079,Lawrence,Lawrence County,AL,Alabama,-87.530690,34.299153,-87.105073,34.804992
county,01081,Lee,Lee County,AL,Alabama,-85.696755,32.409840,-85.000789,32.746795
county,01083,Limestone,Limestone County,AL,Alabama,-87.278636,34.550790,-86.783609,34.999024
county,01085,Lowndes,Lowndes County,AL,Alabama,-86.908509,31.961609,-86.396357,32.406647
county,01087,Macon,Macon County,AL,Alabama,-86.023012,32.231996,-85.433543,32.595933
county,01089,Madison,Madison County,AL,Alabama,-86.790056,34.475652,-86.255771,34.992070
county,01091,Marengo,Marengo County,AL,Alabama,-88.118344,31.989859,-87.472206,32.547268
county,01093,Marion,Marion County,AL,Alabama,-88.207229,33.914731,-87.634344,34.321054
county,01095,Marshall,Marshall County,AL,Alabama,-86.581936,34.099073,-86.057712,34.600059
county,01097,Mobile,Mobile County,AL,Alabama,-88.432007,30.228030,-87.923944,31.173306
county,01099,Monroe,Monroe County,AL,Alabama,-87.784796,31.227291,-86.905899,31.831795
county,01101,Montgomery,Montgomery County,AL,Alabama,-86.498531,31.965065,-85.918834,32.501690
county,01103,Morgan,Morgan County,AL,Alabama,-87.110156,34.304694,-86.549814,34.686037
county,01105,Perry,Perry County,AL,Alabama,-87.525682,32.307293,-87.017653,32.875124
county,01107,Pickens,Pickens County,AL,Alabama,-88.340432,32.991199,-87.837521,33.534008
county,01109,Pike,Pike County,AL,Alabama,-86.199408,31.616414,-85.657668,32.061890
county,01111,Randolph,Randolph County,AL,Alabama,-85.653654,33.106634,-85.232378,33.501378
county,01113,Russell,Russell County,AL,Alabama,-85.434697,32.061708,-84.889080,32.510195
county,01115,St. Clair,St. Clair County,AL,Alabama,-86.577799,33.390983,-86.043993,33.989302
county,01117,Shelby,Shelby County,AL,Alabama,-87.026846,33.018664,-86.341113,33.546073
county,01119,Sumter,Sumter County,AL,Alabama,-88.421453,32.307665,-87.840889,32.995860
county,01121,Talladega,Talladega County,AL,Alabama,-86.503590,33.102944,-85.794559,33.699495
county,01123,Tallapoosa,Tallapoosa County,AL,Alabama,-86.013884,32.492970,-85.592989,33.107340
county,01125,Tuscaloosa,Tuscaloosa County,AL,Alabama,-87.840683,33.003379,-87.065738,33.609833
county,01127,Walker,Walker County,AL,Alabama,-87.636118,33.512929,-86.953616,34.005304
county,01129,Washington,Washington County,AL,Alabama,-88.464427,31.114298,-87.887290,31.699303
county,01131,Wilcox,Wilcox County,AL,Alabama,-87.667945,31.827123,-86.856576,32.268921
county,01133,Winston,Winston County,AL,Alabama,-87.636573,33.985004,-87.109911,34.306997
county,02013,Aleutians East,Aleutians East Borough,AK,Alaska,-166.199167,53.953959,-158.893471,56.880265
county,02016,Aleutians West,Aleutians West Census Area,AK,Alaska,-179.146711,51.215567,179.778470,57.249626
county,02020,Anchorage,Anchorage Municipality,AK,Alaska,-150.285859,60.732987,-148.462403,61.484029
county,02050,Bethel,Bethel Census Area,AK,Alaska,-173.121318,58.550337,-153.001640,62.292644
county,02060,Bristol Bay,Bristol Bay Borough,AK,Alaska,-157.260883,58.615921,-156.316015,58.885114
county,02063,Chugach,Chugach Census Area,AK,Alaska,-148.745865,59.763773,-141.965972,61.426276
county,02066,Copper River,Copper River Census Area,AK,Alaska,-147.744753,60.391676,-141.001894,63.217781
county,02068,Denali,Denali Borough,AK,Alaska,-152.999609,62.725831,-146.999909,64.358214
county,02070,Dillingham,Dillingham Census Area,AK,Alaska,-161.365049,58.393895,-156.000086,60.992839
county,02090,Fairbanks North Star,Fairbanks North Star Borough,AK,Alaska,-148.663265,64.257196,-143.884080,65.453523
county,02100,Haines,Haines Borough,AK,Alaska,-136.495757,58.165212,-134.313731,59.728357
county,02105,Hoonah-Angoon,Hoonah-Angoon Census Area,AK,Alaska,-137.945702,57.014468,-132.649796,59.409542
county,02110,Juneau,Juneau City and Borough,AK,Alaska,-135.176694,57.792188,-133.172311,58.970887
county,02122,Kenai Peninsula,Kenai Peninsula Borough,AK,Alaska,-154.748861,58.652747,-148.563026,61.426239
county,02130,Ketchikan Gateway,Ketchikan Gateway Borough,AK,Alaska,-132.202766,54.718032,-129.974167,56.406005
county,02150,Kodiak Island,Kodiak Island Borough,AK,Alaska,-156.808497,55.757668,-151.789177,58.971187
county,02158,Kusilvak,Kusilvak Census Area,AK,Alaska,-166.187537,60.921153,-160.186660,63.271834
county,02164,Lake and Peninsula,Lake and Peninsula Borough,AK,Alaska,-159.900149,55.638756,-153.397276,60.906236
county,02170,Matanuska-Susitna,Matanuska-Susitna Borough,AK,Alaska,-153.001881,61.190182,-146.423984,63.477639
county,02180,Nome,Nome Census Area,AK,Alaska,-171.846922,62.937660,-159.377365,66.581633
county,02185,North Slope,North Slope Borough,AK,Alaska,-166.835993,67.999972,-141.000607,71.387815
county,02188,Northwest Arctic,Northwest Arctic Borough,AK,Alaska,-165.375780,65.437165,-154.146221,68.294564
county,02195,Petersburg,Petersburg Borough,AK,Alaska,-133.676053,56.447407,-132.045191,57.824726
county,02198,Prince of Wales-Hyder,Prince of Wales-Hyder Census Area,AK,Alaska,-134.668436,54.663619,-130.003485,57.131709
county,02220,Sitka,Sitka City and Borough,AK,Alaska,-136.428464,56.161768,-134.615808,58.002546
county,02230,Skagway,Skagway Municipality,AK,Alaska,-135.723039,59.346340,-134.989745,59.798041
county,02240,Southeast Fairbanks,Southeast Fairbanks Census Area,AK,Alaska,-146.999966,61.904047,-141.001312,65.839408
county,02275,Wrangell,Wrangell City and Borough,AK,Alaska,-133.070058,55.634282,-130.998320,56.903305
county,02282,Yakutat,Yakutat City and Borough,AK,Alaska,-143.893326,58.808522,-137.500000,60.523036
county,02290,Yukon-Koyukuk,Yukon-Koyukuk Census Area,AK,Alaska,-161.048176,61.945933,-141.002461,68.500006
county,04001,Apache,Apache County,AZ,Arizona,-110.000682,33.475417,-109.045223,36.999346
county,04003,Cochise,Cochise County,AZ,Arizona,-110.460916,31.332502,-109.047612,32.427647
county,04005,Coconino,Coconino County,AZ,Arizona,-113.354176,34.258411,-110.750678,37.003197
county,04007,Gila,Gila County,AZ,Arizona,-111.720652,32.983673,-110.000580,34.499312
county,04009,Graham,Graham County,AZ,Arizona,-110.458136,32.424755,-109.114180,33.652751
county,04011,Greenlee,Greenlee County,AZ,Arizona,-109.495740,32.426353,-109.046564,33.778123
county,04012,La Paz,La Paz County,AZ,Arizona,-114.731223,33.025410,-113.333078,34.319102
county,04013,Maricopa,Maricopa County,AZ,Arizona,-113.335064,32.505068,-111.039905,34.048170
county,04015,Mohave,Mohave County,AZ,Arizona,-114.754798,34.209626,-112.529299,37.000753
county,04017,Navajo,Navajo County,AZ,Arizona,-110.750700,33.567394,-109.826719,37.004260
county,04019,Pima,Pima County,AZ,Arizona,-113.333894,31.426068,-110.447674,32.514188
county,04021,Pinal,Pinal County,AZ,Arizona,-112.203624,32.501342,-110.448483,33.466019
county,04023,Santa Cruz,Santa Cruz County,AZ,Arizona,-111.366922,31.332177,-110.452233,31.731697
county,04025,Yavapai,Yavapai County,AZ,Arizona,-113.334359,33.882469,-111.460710,35.531194
county,04027,Yuma,Yuma County,AZ,Arizona,-114.816510,32.038777,-113.333360,33.464457
county,05001,Arkansas,Arkansas County,AR,Arkansas,-91.711675,33.921290,-91.052124,34.568050
county,05003,Ashley,Ashley County,AR,Arkansas,-92.143660,33.005909,-91.457359,33.398325
county,05005,Baxter,Baxter County,AR,Arkansas,-92.595147,35.974007,-92.150286,36.498738
county,05007,Benton,Benton County,AR,Arkansas,-94.617919,36.099396,-93.814885,36.499600
county,05009,Boone,Boone County,AR,Arkansas,-93.302300,36.114245,-92.854008,36.498343
county,05011,Bradley,Bradley County,AR,Arkansas,-92.382298,33.161164,-91.959866,33.707745
county,05013,Calhoun,Calhoun County,AR,Arkansas,-92.776721,33.269468,-92.311049,33.802299
county,05015,Carroll,Carroll County,AR,Arkansas,-93.890128,36.121550,-93.292954,36.499179
county,05017,Chicot,Chicot County,AR,Arkansas,-91.460516,33.004291,-91.043624,33.563675
county,05019,Clark,Clark County,AR,Arkansas,-93.502208,33.769789,-92.876336,34.340839
county,05021,Clay,Clay County,AR,Arkansas,-90.806676,36.200538,-90.063891,36.498559
county,05023,Cleburne,Cleburne County,AR,Arkansas,-92.252843,35.358384,-91.789645,35.712190
county,05025,Cleveland,Cleveland County,AR,Arkansas,-92.475602,33.704285,-91.953025,34.064163
county,05027,Columbia,Columbia County,AR,Arkansas,-93.490558,33.017298,-92.978483,33.455081
county,05029,Conway,Conway County,AR,Arkansas,-93.040814,35.071862,-92.479650,35.462959
county,05031,Craighead,Craighead County,AR,Arkansas,-91.037012,35.699910,-90.286707,35.996417
county,05033,Crawford,Crawford County,AR,Arkansas,-94.492944,35.343437,-93.892252,35.764757
county,05035,Crittenden,Crittenden County,AR,Arkansas,-90.506526,34.826831,-90.064010,35.441647
county,05037,Cross,Cross County,AR,Arkansas,-91.042566,35.143286,-90.502215,35.449773
county,05039,Dallas,Dallas County,AR,Arkansas,-92.961206,33.795065,-92.334249,34.155699
county,05041,Desha,Desha County,AR,Arkansas,-91.557656,33.517190,-90.871083,34.119039
county,05043,Drew,Drew County,AR,Arkansas,-92.015217,33.388974,-91.450284,33.792245
county,05045,Faulkner,Faulkner County,AR,Arkansas,-92.599245,34.842962,-92.111535,35.368417
county,05047,Franklin,Franklin County,AR,Arkansas,-94.082220,35.199466,-93.695856,35.774298
county,05049,Fulton,Fulton County,AR,Arkansas,-92.159195,36.249962,-91.450022,36.499463
county,05051,Garland,Garland County,AR,Arkansas,-93.407203,34.389255,-92.791498,34.773362
county,05053,Grant,Grant County,AR,Arkansas,-92.678382,34.059477,-92.208042,34.495707
county,05055,Greene,Greene County,AR,Arkansas,-90.860034,35.964691,-90.190360,36.267032
county,05057,Hempstead,Hempstead County,AR,Arkansas,-93.969451,33.476172,-93.456452,34.008893
county,05059,Hot Spring,Hot Spring County,AR,Arkansas,-93.408180,34.149645,-92.668654,34.506132
county,05061,Howard,Howard County,AR,Arkansas,-94.256261,33.748236,-93.820722,34.355792
county,05063,Independence,Independence County,AR,Arkansas,-91.870982,35.526370,-91.197676,35.942849
county,05065,Izard,Izard County,AR,Arkansas,-92.215231,35.867301,-91.674176,36.261221
county,05067,Jackson,Jackson County,AR,Arkansas,-91.584454,35.354255,-91.032562,35.890038
county,05069,Jefferson,Jefferson County,AR,Arkansas,-92.233303,34.058596,-91.431833,34.492869
county,05071,Johnson,Johnson County,AR,Arkansas,-93.710043,35.326584,-93.164451,35.768620
county,05073,Lafayette,Lafayette County,AR,Arkansas,-93.864218,33.018442,-93.365644,33.482030
county,05075,Lawrence,Lawrence County,AR,Arkansas,-91.357420,35.880872,-90.747519,36.257880
county,05077,Lee,Lee County,AR,Arkansas,-91.102542,34.627327,-90.407948,34.911979
county,05079,Lincoln,Lincoln County,AR,Arkansas,-91.976442,33.783322,-91.421985,34.176189
county,05081,Little River,Little River County,AR,Arkansas,-94.485875,33.534892,-93.824931,33.945290
county,05083,Logan,Logan County,AR,Arkansas,-94.141765,35.019716,-93.278215,35.430050
county,05085,Lonoke,Lonoke County,AR,Arkansas,-92.121540,34.481913,-91.632955,35.076319
county,05087,Madison,Madison County,AR,Arkansas,-93.963054,35.759752,-93.445740,36.307363
county,05089,Marion,Marion County,AR,Arkansas,-92.890725,36.062757,-92.407077,36.498609
county,05091,Miller,Miller County,AR,Arkansas,-94.043432,33.019139,-93.664921,33.613978
county,05093,Mississippi,Mississippi County,AR,Arkansas,-90.289076,35.389277,-89.641003,36.000809
county,05095,Monroe,Monroe County,AR,Arkansas,-91.447888,34.336362,-91.000316,35.004289
county,05097,Montgomery,Montgomery County,AR,Arkansas,-93.935435,34.339467,-93.393946,34.746605
county,05099,Nevada,Nevada County,AR,Arkansas,-93.483931,33.440487,-93.104405,33.960637
county,05101,Newton,Newton County,AR,Arkansas,-93.526056,35.724635,-92.938469,36.125054
county,05103,Ouachita,Ouachita County,AR,Arkansas,-93.118951,33.355819,-92.566400,33.822544
county,05105,Perry,Perry County,AR,Arkansas,-93.305864,34.771892,-92.540712,35.115129
county,05107,Phillips,Phillips County,AR,Arkansas,-91.117918,34.118515,-90.539623,34.645717
county,05109,Pike,Pike County,AR,Arkansas,-93.937009,33.943024,-93.370153,34.350233
county,05111,Poinsett,Poinsett County,AR,Arkansas,-91.039251,35.438439,-90.286297,35.708419
county,05113,Polk,Polk County,AR,Arkansas,-94.470284,34.190182,-93.929941,34.728950
county,05115,Pope,Pope County,AR,Arkansas,-93.298903,35.117572,-92.809745,35.728873
county,05117,Prairie,Prairie County,AR,Arkansas,-91.803703,34.479537,-91.343868,35.091584
county,05119,Pulaski,Pulaski County,AR,Arkansas,-92.755399,34.489539,-92.029539,35.014595
county,05121,Randolph,Randolph County,AR,Arkansas,-91.407240,36.114868,-90.748700,36.498548
county,05123,St. Francis,St. Francis County,AR,Arkansas,-91.152457,34.867127,-90.400438,35.149117
county,05125,Saline,Saline County,AR,Arkansas,-93.075178,34.411103,-92.244212,34.859062
county,05127,Scott,Scott County,AR,Arkansas,-94.454577,34.665640,-93.704962,35.099847
county,05129,Searcy,Searcy County,AR,Arkansas,-92.951373,35.718381,-92.411563,36.115253
county,05131,Sebastian,Sebastian County,AR,Arkansas,-94.447884,34.930746,-94.028872,35.451108
county,05133,Sevier,Sevier County,AR,Arkansas,-94.477320,33.751058,-93.958523,34.192531
county,05135,Sharp,Sharp County,AR,Arkansas,-91.710483,35.890660,-91.258485,36.497562
county,05137,Stone,Stone County,AR,Arkansas,-92.418409,35.705019,-91.836121,36.133009
county,05139,Union,Union County,AR,Arkansas,-92.988777,33.008162,-92.068960,33.387659
county,05141,Van Buren,Van Buren County,AR,Arkansas,-92.850951,35.363650,-92.240800,35.790823
county,05143,Washington,Washington County,AR,Arkansas,-94.552165,35.750327,-93.887891,36.236103
county,05145,White,White County,AR,Arkansas,-92.119748,35.020811,-91.345325,35.534078
county,05147,Woodruff,Woodruff County,AR,Arkansas,-91.478955,34.912460,-91.039633,35.445779
county,05149,Yell,Yell County,AR,Arkansas,-93.709985,34.743393,-92.900911,35.312436
county,06001,Alameda,Alameda County,CA,California,-122.342253,37.454186,-121.469214,37.905824
county,06003,Alpine,Alpine County,CA,California,-120.073331,38.326880,-119.542452,38.933324
county,06005,Amador,Amador County,CA,California,-121.027710,38.217951,-120.072370,38.709029
county,06007,Butte,Butte County,CA,California,-122.069431,39.295621,-121.076695,40.151905
county,06009,Calaveras,Calaveras County,CA,California,-120.995497,37.831858,-120.019951,38.509869
county,06011,Colusa,Colusa County,CA,California,-122.785090,38.923897,-121.795366,39.414499
county,06013,Contra Costa,Contra Costa County,CA,California,-122.430087,37.718531,-121.534247,38.099878
county,06015,Del Norte,Del Norte County,CA,California,-124.255994,41.380776,-123.517911,42.000760
county,06017,El Dorado,El Dorado County,CA,California,-121.141595,38.502349,-119.877287,39.067489
county,06019,Fresno,Fresno County,CA,California,-120.918731,35.906914,-118.360586,37.585737
county,06021,Glenn,Glenn County,CA,California,-122.938413,39.382946,-121.856498,39.800421
county,06023,Humboldt,Humboldt County,CA,California,-124.409591,40.001276,-123.406040,41.465844
county,06025,Imperial,Imperial County,CA,California,-116.106175,32.618642,-114.462929,33.433741
county,06027,Inyo,Inyo County,CA,California,-118.790031,35.786686,-115.648020,37.465238
county,06029,Kern,Kern County,CA,California,-120.194369,34.788655,-117.616518,35.798392
county,06031,Kings,Kings County,CA,California,-120.315068,35.788947,-119.474367,36.488958
county,06033,Lake,Lake County,CA,California,-123.094212,38.670780,-122.340172,39.581400
county,06035,Lassen,Lassen County,CA,California,-121.332338,39.707658,-119.995926,41.184514
county,06037,Los Angeles,Los Angeles County,CA,California,-118.944594,32.801462,-117.646374,34.823301
county,06039,Madera,Madera County,CA,California,-120.545536,36.763047,-119.022363,37.777986
county,06041,Marin,Marin County,CA,California,-123.024066,37.817684,-122.418579,38.321209
county,06043,Mariposa,Mariposa County,CA,California,-120.395345,37.183108,-119.307284,37.904122
county,06045,Mendocino,Mendocino County,CA,California,-124.023252,38.758575,-122.821388,40.002129
county,06047,Merced,Merced County,CA,California,-121.248647,36.740381,-120.052055,37.633364
county,06049,Modoc,Modoc County,CA,California,-121.457213,41.183484,-119.998280,41.997469
county,06051,Mono,Mono County,CA,California,-119.651375,37.462663,-117.832726,38.713212
county,06053,Monterey,Monterey County,CA,California,-121.976763,35.788977,-120.213979,36.919683
county,06055,Napa,Napa County,CA,California,-122.646610,38.154976,-122.061397,38.863994
county,06057,Nevada,Nevada County,CA,California,-121.279749,39.005160,-120.003872,39.526699
county,06059,Orange,Orange County,CA,California,-118.115411,33.387788,-117.413314,33.947636
county,06061,Placer,Placer County,CA,California,-121.484440,38.711395,-120.002461,39.316496
county,06063,Plumas,Plumas County,CA,California,-121.497880,39.597264,-120.099339,40.449715
county,06065,Riverside,Riverside County,CA,California,-117.676280,33.425933,-114.434949,34.079809
county,06067,Sacramento,Sacramento County,CA,California,-121.862542,38.018421,-121.027084,38.736401
county,06069,San Benito,San Benito County,CA,California,-121.644001,36.196848,-120.596562,36.988840
county,06071,San Bernardino,San Bernardino County,CA,California,-117.802539,33.871067,-114.131211,35.809629
county,06073,San Diego,San Diego County,CA,California,-117.595996,32.534435,-116.080941,33.505176
county,06075,San Francisco,San Francisco County,CA,California,-123.013916,37.692736,-122.328025,37.863058
county,06077,San Joaquin,San Joaquin County,CA,California,-121.585078,37.481783,-120.920580,38.300252
county,06079,San Luis Obispo,San Luis Obispo County,CA,California,-121.346363,34.897475,-119.472489,35.795183
county,06081,San Mateo,San Mateo County,CA,California,-122.520852,37.107318,-122.115161,37.709280
county,06083,Santa Barbara,Santa Barbara County,CA,California,-120.672269,33.465691,-119.027410,35.114678
county,06085,Santa Clara,Santa Clara County,CA,California,-122.202653,36.893033,-121.208198,37.484637
county,06087,Santa Cruz,Santa Cruz County,CA,California,-122.317682,36.850648,-121.581154,37.286055
county,06089,Shasta,Shasta County,CA,California,-123.068838,40.285375,-121.319976,41.184924
county,06091,Sierra,Sierra County,CA,California,-121.058203,39.391558,-120.001319,39.776821
county,06093,Siskiyou,Siskiyou County,CA,California,-123.719089,40.992298,-121.446406,42.009485
county,06095,Solano,Solano County,CA,California,-122.406786,38.031721,-121.593273,38.539050
county,06097,Sonoma,Sonoma County,CA,California,-123.533535,38.111297,-122.349564,38.852916
county,06099,Stanislaus,Stanislaus County,CA,California,-121.486775,37.134774,-120.387613,38.077421
county,06101,Sutter,Sutter County,CA,California,-121.948283,38.734598,-121.414375,39.305668
county,06103,Tehama,Tehama County,CA,California,-123.066009,39.797472,-121.342264,40.453130
county,06105,Trinity,Trinity County,CA,California,-123.623891,39.977015,-122.445453,41.368025
county,06107,Tulare,Tulare County,CA,California,-119.573194,35.788935,-117.980761,36.744773
county,06109,Tuolumne,Tuolumne County,CA,California,-120.653274,37.633704,-119.196182,38.433521
county,06111,Ventura,Ventura County,CA,California,-119.578843,33.214731,-118.632494,34.901171
county,06113,Yolo,Yolo County,CA,California,-122.422048,38.313089,-121.501033,38.925861
county,06115,Yuba,Yuba County,CA,California,-121.636368,38.918393,-121.009477,39.639459
county,08001,Adams,Adams County,CO,Colorado,-105.053339,39.738040,-103.705701,40.001475
county,08003,Alamosa,Alamosa County,CO,Colorado,-106.039354,37.356228,-105.452727,37.752306
county,08005,Arapahoe,Arapahoe County,CO,Colorado,-105.054169,39.563647,-103.706547,39.740822
county,08007,Archuleta,Archuleta County,CO,Colorado,-107.482409,36.992426,-106.476275,37.422961
county,08009,Baca,Baca County,CO,Colorado,-103.086969,36.993016,-102.041524,37.644424
county,08011,Bent,Bent County,CO,Colorado,-103.404426,37.643299,-102.741030,38.267796
county,08013,Boulder,Boulder County,CO,Colorado,-105.694362,39.912886,-105.052774,40.262781
county,08014,Broomfield,Broomfield County,CO,Colorado,-105.165689,39.889292,-104.961157,40.044144
county,08015,Chaffee,Chaffee County,CO,Colorado,-106.599516,38.422280,-105.878033,39.057908
county,08017,Cheyenne,Cheyenne County,CO,Colorado,-103.172943,38.612450,-102.045074,39.047038
county,08019,Clear Creek,Clear Creek County,CO,Colorado,-105.927030,39.564865,-105.397949,39.851996
county,08021,Conejos,Conejos County,CO,Colorado,-106.678373,36.993839,-105.718021,37.403596
county,08023,Costilla,Costilla County,CO,Colorado,-105.771391,36.995169,-105.129720,37.658143
county,08025,Crowley,Crowley County,CO,Colorado,-104.058402,38.112525,-103.501387,38.523330
county,08027,Custer,Custer County,CO,Colorado,-105.796897,37.889703,-105.048287,38.265191
county,08029,Delta,Delta County,CO,Colorado,-108.378953,38.668051,-107.500575,39.217916
county,08031,Denver,Denver County,CO,Colorado,-105.109924,39.614332,-104.599581,39.914178
county,08033,Dolores,Dolores County,CO,Colorado,-109.043461,37.484820,-107.860845,37.895505
county,08035,Douglas,Douglas County,CO,Colorado,-105.329445,39.129487,-104.660160,39.566190
county,08037,Eagle,Eagle County,CO,Colorado,-107.113947,39.349469,-106.175920,39.925250
county,08039,Elbert,Elbert County,CO,Colorado,-104.662892,38.866436,-103.714355,39.566360
county,08041,El Paso,El Paso County,CO,Colorado,-105.072529,38.519560,-104.051568,39.129979
county,08043,Fremont,Fremont County,CO,Colorado,-106.012751,38.257548,-104.940366,38.697558
county,08045,Garfield,Garfield County,CO,Colorado,-109.051363,39.365983,-107.031772,40.091538
county,08047,Gilpin,Gilpin County,CO,Colorado,-105.700773,39.745856,-105.397450,39.938388
county,08049,Grand,Grand County,CO,Colorado,-106.652832,39.684122,-105.626090,40.486252
county,08051,Gunnison,Gunnison County,CO,Colorado,-107.635040,38.146892,-106.245529,39.257597
county,08053,Hinsdale,Hinsdale County,CO,Colorado,-107.591367,37.422673,-107.000602,38.147267
county,08055,Huerfano,Huerfano County,CO,Colorado,-105.501755,37.289117,-104.351109,38.018946
county,08057,Jackson,Jackson County,CO,Colorado,-106.873190,40.323407,-105.851755,41.002663
county,08059,Jefferson,Jefferson County,CO,Colorado,-105.399150,39.129474,-105.048740,39.914367
county,08061,Kiowa,Kiowa County,CO,Colorado,-103.506985,38.265016,-102.044442,38.615695
county,08063,Kit Carson,Kit Carson County,CO,Colorado,-103.163072,39.037610,-102.046571,39.574058
county,08065,Lake,Lake County,CO,Colorado,-106.586338,39.056073,-106.135529,39.380962
county,08067,La Plata,La Plata County,CO,Colorado,-108.381069,36.999015,-107.481462,37.640315
county,08069,Larimer,Larimer County,CO,Colorado,-106.195372,40.257884,-104.943091,40.998210
county,08071,Las Animas,Las Animas County,CO,Colorado,-105.155042,36.992729,-103.074663,37.817488
county,08073,Lincoln,Lincoln County,CO,Colorado,-104.055528,38.516409,-103.154376,39.566474
county,08075,Logan,Logan County,CO,Colorado,-103.581844,40.435298,-102.650880,41.002558
county,08077,Mesa,Mesa County,CO,Colorado,-109.060253,38.499987,-107.377479,39.366711
county,08079,Mineral,Mineral County,CO,Colorado,-107.145138,37.392304,-106.693523,37.974777
county,08081,Moffat,Moffat County,CO,Colorado,-109.050969,40.219991,-107.314153,41.003073
county,08083,Montezuma,Montezuma County,CO,Colorado,-109.046039,36.998906,-107.969923,37.639587
county,08085,Montrose,Montrose County,CO,Colorado,-109.060062,38.152252,-107.500020,38.668553
county,08087,Morgan,Morgan County,CO,Colorado,-104.150494,40.000856,-103.464541,40.524408
county,08089,Otero,Otero County,CO,Colorado,-104.061891,37.643482,-103.398108,38.265442
county,08091,Ouray,Ouray County,CO,Colorado,-108.132380,37.892007,-107.511000,38.332778
county,08093,Park,Park County,CO,Colorado,-106.210173,38.693089,-105.328962,39.568197
county,08095,Phillips,Phillips County,CO,Colorado,-102.665572,40.438473,-102.051292,40.749591
county,08097,Pitkin,Pitkin County,CO,Colorado,-107.465957,38.977720,-106.426487,39.366261
county,08099,Prowers,Prowers County,CO,Colorado,-102.747988,37.643486,-102.041574,38.268774
county,08101,Pueblo,Pueblo County,CO,Colorado,-105.050678,37.734704,-104.053921,38.522434
county,08103,Rio Blanco,Rio Blanco County,CO,Colorado,-109.051040,39.650164,-107.037363,40.226062
county,08105,Rio Grande,Rio Grande County,CO,Colorado,-106.711624,37.399350,-106.038413,37.835244
county,08107,Routt,Routt County,CO,Colorado,-107.442594,39.918671,-106.626112,41.003444
county,08109,Saguache,Saguache County,CO,Colorado,-107.001663,37.747809,-105.428647,38.457671
county,08111,San Juan,San Juan County,CO,Colorado,-107.975060,37.639478,-107.458114,37.965015
county,08113,San Miguel,San Miguel County,CO,Colorado,-109.043121,37.773648,-107.732787,38.154959
county,08115,Sedgwick,Sedgwick County,CO,Colorado,-102.653463,40.749126,-102.051292,41.002597
county,08117,Summit,Summit County,CO,Colorado,-106.440301,39.357378,-105.775702,39.924914
county,08119,Teller,Teller County,CO,Colorado,-105.330382,38.647464,-104.938961,39.129783
county,08121,Washington,Washington County,CO,Colorado,-103.707072,39.565654,-102.779960,40.438446
county,08123,Weld,Weld County,CO,Colorado,-105.056720,40.000251,-103.573387,41.002054
county,08125,Yuma,Yuma County,CO,Colorado,-102.803767,39.567841,-102.049806,40.440008
county,09110,Capitol,Capitol Planning Region,CT,Connecticut,-72.953651,41.544725,-72.156321,42.037709
county,09120,Greater Bridgeport,Greater Bridgeport Planning Region,CT,Connecticut,-73.368811,41.118193,-73.086752,41.391711
county,09130,Lower Connecticut River Valley,Lower Connecticut River Valley Planning Region,CT,Connecticut,-72.752941,41.254811,-72.248810,41.646999
county,09140,Naugatuck Valley,Naugatuck Valley Planning Region,CT,Connecticut,-73.327050,41.254596,-72.846297,41.723177
county,09150,Northeastern Connecticut,Northeastern Connecticut Planning Region,CT,Connecticut,-72.234898,41.505753,-71.786994,42.031087
county,09160,Northwest Hills,Northwest Hills Planning Region,CT,Connecticut,-73.518238,41.504409,-72.863638,42.050587
county,09170,South Central Connecticut,South Central Connecticut Planning Region,CT,Connecticut,-73.122453,41.168752,-72.536330,41.578894
county,09180,Southeastern Connecticut,Southeastern Connecticut Planning Region,CT,Connecticut,-72.466730,41.285883,-71.793568,41.756117
county,09190,Western Connecticut,Western Connecticut Planning Region,CT,Connecticut,-73.727775,40.980144,-73.183269,41.683327
county,10001,Kent,Kent County,DE,Delaware,-75.760104,38.829859,-75.311607,39.365656
county,10003,New Castle,New Castle County,DE,Delaware,-75.788658,39.290417,-75.423416,39.839007
county,10005,Sussex,Sussex County,DE,Delaware,-75.722599,38.451196,-75.048939,38.961873
county,11001,District of Columbia,District of Columbia,DC,District of Columbia,-77.119759,38.791645,-76.909395,38.995110
county,12001,Alachua,Alachua County,FL,Florida,-82.658554,29.417178,-82.049052,29.945254
county,12003,Baker,Baker County,FL,Florida,-82.459792,30.136449,-82.049236,30.584287
county,12005,Bay,Bay County,FL,Florida,-85.995927,29.924355,-85.383780,30.567682
county,12007,Bradford,Bradford County,FL,Florida,-82.418728,29.718232,-82.046112,30.143136
county,12009,Brevard,Brevard County,FL,Florida,-80.987250,27.822058,-80.446973,28.791325
county,12011,Broward,Broward County,FL,Florida,-80.881285,25.956770,-80.074837,26.355431
county,12013,Calhoun,Calhoun County,FL,Florida,-85.389679,30.199976,-84.932519,30.608026
county,12015,Charlotte,Charlotte County,FL,Florida,-82.375226,26.769600,-81.562531,27.035250
county,12017,Citrus,Citrus County,FL,Florida,-82.759421,28.665898,-82.169141,29.052565
county,12019,Clay,Clay County,FL,Florida,-82.049425,29.718670,-81.581207,30.193466
county,12021,Collier,Collier County,FL,Florida,-81.845775,25.803475,-80.872558,26.517069
county,12023,Columbia,Columbia County,FL,Florida,-82.800477,29.825630,-82.452518,30.597734
county,12027,DeSoto,DeSoto County,FL,Florida,-82.057631,27.031700,-81.562503,27.340641
county,12029,Dixie,Dixie County,FL,Florida,-83.414774,29.288593,-82.903956,29.825409
county,12031,Duval,Duval County,FL,Florida,-82.049411,30.103748,-81.379877,30.586232
county,12033,Escambia,Escambia County,FL,Florida,-87.634938,30.280435,-86.918872,30.999024
county,12035,Flagler,Flagler County,FL,Florida,-81.523660,29.261146,-81.101910,29.670670
county,12037,Franklin,Franklin County,FL,Florida,-85.222476,29.586991,-84.333746,30.013883
county,12039,Gadsden,Gadsden County,FL,Florida,-84.932519,30.387799,-84.282561,30.711542
county,12041,Gilchrist,Gilchrist County,FL,Florida,-82.973054,29.562467,-82.656272,29.935453
county,12043,Glades,Glades County,FL,Florida,-81.565748,26.768161,-80.870236,27.210771
county,12045,Gulf,Gulf County,FL,Florida,-85.417495,29.666669,-85.017939,30.201385
county,12047,Hamilton,Hamilton County,FL,Florida,-83.309287,30.317369,-82.645555,30.634405
county,12049,Hardee,Hardee County,FL,Florida,-82.055753,27.336709,-81.563463,27.646645
county,12051,Hendry,Hendry County,FL,Florida,-81.566527,26.253069,-80.879710,26.958919
county,12053,Hernando,Hernando County,FL,Florida,-82.681222,28.433576,-82.054469,28.694859
county,12055,Highlands,Highlands County,FL,Florida,-81.564062,27.032319,-80.940676,27.646645
county,12057,Hillsborough,Hillsborough County,FL,Florida,-82.764241,27.576037,-82.054035,28.173348
county,12059,Holmes,Holmes County,FL,Florida,-86.037591,30.703017,-85.497992,30.996932
county,12061,Indian River,Indian River County,FL,Florida,-80.881566,27.556979,-80.321453,27.860755
county,12063,Jackson,Jackson County,FL,Florida,-85.600062,30.564336,-84.857921,31.000888
county,12065,Jefferson,Jefferson County,FL,Florida,-84.076161,30.081720,-83.604186,30.672100
county,12067,Lafayette,Lafayette County,FL,Florida,-83.370890,29.822222,-82.875220,30.260670
county,12069,Lake,Lake County,FL,Florida,-81.957641,28.345180,-81.349723,29.276766
county,12071,Lee,Lee County,FL,Florida,-82.272092,26.316245,-81.562216,26.789518
county,12073,Leon,Leon County,FL,Florida,-84.715144,30.273617,-83.977424,30.685321
county,12075,Levy,Levy County,FL,Florida,-83.166951,28.992412,-82.403237,29.591315
county,12077,Liberty,Liberty County,FL,Florida,-85.154015,29.971399,-84.543021,30.606393
county,12079,Madison,Madison County,FL,Florida,-83.821862,30.260110,-83.170969,30.651258
county,12081,Manatee,Manatee County,FL,Florida,-82.745748,27.207769,-82.054349,27.646680
county,12083,Marion,Marion County,FL,Florida,-82.535886,28.959778,-81.638696,29.521678
county,12085,Martin,Martin County,FL,Florida,-80.885639,26.956627,-80.079949,27.263831
county,12086,Miami-Dade,Miami-Dade County,FL,Florida,-80.873270,25.138070,-80.117896,25.979434
county,12087,Monroe,Monroe County,FL,Florida,-82.926114,24.521304,-80.253015,25.805377
county,12089,Nassau,Nassau County,FL,Florida,-82.050432,30.273432,-81.425846,30.829922
county,12091,Okaloosa,Okaloosa County,FL,Florida,-86.799481,30.378661,-86.388627,30.996974
county,12093,Okeechobee,Okeechobee County,FL,Florida,-81.214237,26.958919,-80.677427,27.643238
county,12095,Orange,Orange County,FL,Florida,-81.658603,28.346917,-80.862908,28.786190
county,12097,Osceola,Osceola County,FL,Florida,-81.657268,27.641990,-80.861576,28.348182
county,12099,Palm Beach,Palm Beach County,FL,Florida,-80.886014,26.320772,-80.031362,26.970940
county,12101,Pasco,Pasco County,FL,Florida,-82.852432,28.171044,-82.054694,28.478794
county,12103,Pinellas,Pinellas County,FL,Florida,-82.852168,27.611854,-82.587625,28.173319
county,12105,Polk,Polk County,FL,Florida,-82.106205,27.643238,-81.131044,28.361868
county,12107,Putnam,Putnam County,FL,Florida,-82.056151,29.324430,-81.433583,29.840176
county,12109,St. Johns,St. Johns County,FL,Florida,-81.690458,29.622432,-81.212878,30.252914
county,12111,St. Lucie,St. Lucie County,FL,Florida,-80.679659,27.205584,-80.199435,27.558736
county,12113,Santa Rosa,Santa Rosa County,FL,Florida,-87.313908,30.335930,-86.785692,30.999594
county,12115,Sarasota,Sarasota County,FL,Florida,-82.642835,26.945264,-82.056497,27.389737
county,12117,Seminole,Seminole County,FL,Florida,-81.459728,28.610501,-80.986941,28.879227
county,12119,Sumter,Sumter County,FL,Florida,-82.311697,28.305320,-81.953333,28.960530
county,12121,Suwannee,Suwannee County,FL,Florida,-83.253236,29.882334,-82.758583,30.442865
county,12123,Taylor,Taylor County,FL,Florida,-83.992284,29.665701,-83.318859,30.304212
county,12125,Union,Union County,FL,Florida,-82.575991,29.919923,-82.137909,30.143117
county,12127,Volusia,Volusia County,FL,Florida,-81.680903,28.612671,-80.732925,29.427070
county,12129,Wakulla,Wakulla County,FL,Florida,-84.737846,29.969059,-84.075539,30.303493
county,12131,Walton,Walton County,FL,Florida,-86.397361,30.269139,-85.844421,30.994477
county,12133,Washington,Washington County,FL,Florida,-85.993690,30.389320,-85.432274,30.830552
county,13001,Appling,Appling County,GA,Georgia,-82.550714,31.469253,-82.048582,31.966182
county,13003,Atkinson,Atkinson County,GA,Georgia,-83.141518,31.183038,-82.628975,31.420395
county,13005,Bacon,Bacon County,GA,Georgia,-82.628273,31.416906,-82.226585,31.710796
county,13007,Baker,Baker County,GA,Georgia,-84.641953,31.078400,-84.140868,31.454761
county,13009,Baldwin,Baldwin County,GA,Georgia,-83.429090,32.926141,-83.044327,33.190377
county,13011,Banks,Banks County,GA,Georgia,-83.669243,34.197499,-83.338123,34.491725
county,13013,Barrow,Barrow County,GA,Georgia,-83.869115,33.894573,-83.536900,34.127493
county,13015,Bartow,Bartow County,GA,Georgia,-85.047046,34.075297,-84.644293,34.413060
county,13017,Ben Hill,Ben Hill County,GA,Georgia,-83.484529,31.651691,-82.995698,31.851783
county,13019,Berrien,Berrien County,GA,Georgia,-83.439010,31.025405,-83.033468,31.475991
county,13021,Bibb,Bibb County,GA,Georgia,-83.892050,32.660643,-83.489430,32.952792
county,13023,Bleckley,Bleckley County,GA,Georgia,-83.498039,32.272489,-83.138991,32.584201
county,13025,Brantley,Brantley County,GA,Georgia,-82.284561,31.010448,-81.731694,31.373721
county,13027,Brooks,Brooks County,GA,Georgia,-83.743729,30.634405,-83.309186,31.078946
county,13029,Bryan,Bryan County,GA,Georgia,-81.781712,31.726070,-81.138324,32.241289
county,13031,Bulloch,Bulloch County,GA,Georgia,-82.030233,32.152890,-81.433128,32.653385
county,13033,Burke,Burke County,GA,Georgia,-82.316512,32.803863,-81.541733,33.296989
county,13035,Butts,Butts County,GA,Georgia,-84.123767,33.180238,-83.807265,33.444667
county,13037,Calhoun,Calhoun County,GA,Georgia,-84.828062,31.427882,-84.412521,31.643670
county,13039,Camden,Camden County,GA,Georgia,-81.936749,30.708656,-81.403409,31.169650
county,13043,Candler,Candler County,GA,Georgia,-82.254572,32.268783,-81.918671,32.560063
county,13045,Carroll,Carroll County,GA,Georgia,-85.338201,33.425506,-84.809181,33.812322
county,13047,Catoosa,Catoosa County,GA,Georgia,-85.265055,34.767639,-84.979661,34.987647
county,13049,Charlton,Charlton County,GA,Georgia,-82.420442,30.357851,-81.891899,31.075809
county,13051,Chatham,Chatham County,GA,Georgia,-81.391698,31.720934,-80.840378,32.237468
county,13053,Chattahoochee,Chattahoochee County,GA,Georgia,-85.008096,32.220951,-84.637323,32.534956
county,13055,Chattooga,Chattooga County,GA,Georgia,-85.527261,34.286097,-85.107748,34.589305
county,13057,Cherokee,Cherokee County,GA,Georgia,-84.659241,34.073539,-84.257586,34.412590
county,13059,Clarke,Clarke County,GA,Georgia,-83.537385,33.847977,-83.240860,34.040288
county,13061,Clay,Clay County,GA,Georgia,-85.140951,31.485871,-84.799134,31.780460
county,13063,Clayton,Clayton County,GA,Georgia,-84.458665,33.352465,-84.243858,33.648875
county,13065,Clinch,Clinch County,GA,Georgia,-82.971336,30.581745,-82.418632,31.184135
county,13067,Cobb,Cobb County,GA,Georgia,-84.739679,33.743683,-84.374666,34.081779
county,13069,Coffee,Coffee County,GA,Georgia,-83.151087,31.363908,-82.596283,31.816154
county,13071,Colquitt,Colquitt County,GA,Georgia,-84.013858,31.025846,-83.505386,31.334966
county,13073,Columbia,Columbia County,GA,Georgia,-82.442846,33.354635,-82.028238,33.700580
county,13075,Cook,Cook County,GA,Georgia,-83.576969,31.027275,-83.279781,31.350361
county,13077,Coweta,Coweta County,GA,Georgia,-85.015358,33.191043,-84.497043,33.511687
county,13079,Crawford,Crawford County,GA,Georgia,-84.202628,32.529927,-83.701090,32.857136
county,13081,Crisp,Crisp County,GA,Georgia,-83.961278,31.803495,-83.609537,32.030595
county,13083,Dade,Dade County,GA,Georgia,-85.605165,34.623858,-85.363919,34.984678
county,13085,Dawson,Dawson County,GA,Georgia,-84.346550,34.334011,-83.957077,34.617924
county,13087,Decatur,Decatur County,GA,Georgia,-84.871322,30.689969,-84.376205,31.079504
county,13089,DeKalb,DeKalb County,GA,Georgia,-84.349875,33.614666,-84.023713,33.970880
county,13091,Dodge,Dodge County,GA,Georgia,-83.373931,31.900325,-82.871790,32.452533
county,13093,Dooly,Dooly County,GA,Georgia,-84.033494,32.027938,-83.606113,32.292175
county,13095,Dougherty,Dougherty County,GA,Georgia,-84.457662,31.435856,-83.981606,31.650274
county,13097,Douglas,Douglas County,GA,Georgia,-84.911039,33.573378,-84.577848,33.806387
county,13099,Early,Early County,GA,Georgia,-85.114601,31.072590,-84.627579,31.518562
county,13101,Echols,Echols County,GA,Georgia,-83.136614,30.591796,-82.578773,30.872249
county,13103,Effingham,Effingham County,GA,Georgia,-81.548006,32.095886,-81.119867,32.595383
county,13105,Elbert,Elbert County,GA,Georgia,-83.103264,33.955741,-82.564531,34.288716
county,13107,Emanuel,Emanuel County,GA,Georgia,-82.647733,32.291882,-82.001236,32.841230
county,13109,Evans,Evans County,GA,Georgia,-82.025339,32.047900,-81.718658,32.278883
county,13111,Fannin,Fannin County,GA,Georgia,-84.622752,34.602692,-84.092791,34.988408
county,13113,Fayette,Fayette County,GA,Georgia,-84.627020,33.256501,-84.381639,33.550933
county,13115,Floyd,Floyd County,GA,Georgia,-85.462082,34.079133,-85.005235,34.587483
county,13117,Forsyth,Forsyth County,GA,Georgia,-84.259019,34.050708,-83.925590,34.335156
county,13119,Franklin,Franklin County,GA,Georgia,-83.398049,34.223740,-83.051425,34.536658
county,13121,Fulton,Fulton County,GA,Georgia,-84.851158,33.502515,-84.097674,34.186289
county,13123,Gilmer,Gilmer County,GA,Georgia,-84.657098,34.548495,-84.193481,34.857456
county,13125,Glascock,Glascock County,GA,Georgia,-82.755846,33.118949,-82.431957,33.327270
county,13127,Glynn,Glynn County,GA,Georgia,-81.782629,31.012991,-81.269552,31.453019
county,13129,Gordon,Gordon County,GA,Georgia,-85.112324,34.384192,-84.644432,34.634128
county,13131,Grady,Grady County,GA,Georgia,-84.380706,30.675816,-84.072944,31.078908
county,13133,Greene,Greene County,GA,Georgia,-83.406189,33.355030,-82.950752,33.761774
county,13135,Gwinnett,Gwinnett County,GA,Georgia,-84.277093,33.752808,-83.799104,34.168541
county,13137,Habersham,Habersham County,GA,Georgia,-83.681596,34.431712,-83.338234,34.827609
county,13139,Hall,Hall County,GA,Georgia,-84.062187,34.098652,-83.615218,34.514096
county,13141,Hancock,Hancock County,GA,Georgia,-83.275220,33.049864,-82.746191,33.469178
county,13143,Haralson,Haralson County,GA,Georgia,-85.386473,33.652087,-85.036684,33.906302
county,13145,Harris,Harris County,GA,Georgia,-85.184914,32.583280,-84.682876,32.872495
county,13147,Hart,Hart County,GA,Georgia,-83.115847,34.210066,-82.773772,34.493919
county,13149,Heard,Heard County,GA,Georgia,-85.293902,33.129562,-84.939015,33.428079
county,13151,Henry,Henry County,GA,Georgia,-84.354400,33.297631,-83.922903,33.647307
county,13153,Houston,Houston County,GA,Georgia,-83.856851,32.282583,-83.482459,32.692169
county,13155,Irwin,Irwin County,GA,Georgia,-83.500951,31.471857,-82.998360,31.769651
county,13157,Jackson,Jackson County,GA,Georgia,-83.817682,33.966178,-83.357051,34.295819
county,13159,Jasper,Jasper County,GA,Georgia,-83.863362,33.131816,-83.533736,33.526220
county,13161,Jeff Davis,Jeff Davis County,GA,Georgia,-82.836633,31.671293,-82.430452,31.971653
county,13163,Jefferson,Jefferson County,GA,Georgia,-82.661922,32.761487,-82.232554,33.313236
county,13165,Jenkins,Jenkins County,GA,Georgia,-82.147942,32.606910,-81.767553,32.953875
county,13167,Johnson,Johnson County,GA,Georgia,-82.957066,32.509473,-82.434149,32.822356
county,13169,Jones,Jones County,GA,Georgia,-83.816845,32.841291,-83.357685,33.185837
county,13171,Lamar,Lamar County,GA,Georgia,-84.270140,32.931497,-84.040915,33.202824
county,13173,Lanier,Lanier County,GA,Georgia,-83.197995,30.844709,-82.970056,31.184003
county,13175,Laurens,Laurens County,GA,Georgia,-83.226536,32.147274,-82.633126,32.715760
county,13177,Lee,Lee County,GA,Georgia,-84.338610,31.621951,-83.922494,31.916190
county,13179,Liberty,Liberty County,GA,Georgia,-81.824405,31.558152,-81.128845,32.092525
county,13181,Lincoln,Lincoln County,GA,Georgia,-82.645606,33.636979,-82.218649,33.984195
county,13183,Long,Long County,GA,Georgia,-81.981621,31.538667,-81.491798,32.014882
county,13185,Lowndes,Lowndes County,GA,Georgia,-83.484766,30.623989,-83.019419,31.031964
county,13187,Lumpkin,Lumpkin County,GA,Georgia,-84.191040,34.418389,-83.832831,34.734893
county,13189,McDuffie,McDuffie County,GA,Georgia,-82.649705,33.310879,-82.294179,33.659994
county,13191,McIntosh,McIntosh County,GA,Georgia,-81.668289,31.291176,-81.178725,31.699575
county,13193,Macon,Macon County,GA,Georgia,-84.255912,32.170531,-83.836673,32.530602
county,13195,Madison,Madison County,GA,Georgia,-83.402428,33.999098,-82.976294,34.273530
county,13197,Marion,Marion County,GA,Georgia,-84.658983,32.134058,-84.389927,32.562083
county,13199,Meriwether,Meriwether County,GA,Georgia,-84.864624,32.844640,-84.490539,33.231253
county,13201,Miller,Miller County,GA,Georgia,-84.922423,31.068010,-84.537101,31.259442
county,13205,Mitchell,Mitchell County,GA,Georgia,-84.508078,31.077192,-83.997796,31.443753
county,13207,Monroe,Monroe County,GA,Georgia,-84.124275,32.848351,-83.706093,33.202629
county,13209,Montgomery,Montgomery County,GA,Georgia,-82.656205,31.948604,-82.409130,32.353738
county,13211,Morgan,Morgan County,GA,Georgia,-83.687386,33.434472,-83.269306,33.817760
county,13213,Murray,Murray County,GA,Georgia,-84.944335,34.583187,-84.582195,34.988329
county,13215,Muscogee,Muscogee County,GA,Georgia,-85.080618,32.373902,-84.667463,32.608095
county,13217,Newton,Newton County,GA,Georgia,-84.055212,33.367239,-83.674644,33.744203
county,13219,Oconee,Oconee County,GA,Georgia,-83.647031,33.698307,-83.275933,33.965912
county,13221,Oglethorpe,Oglethorpe County,GA,Georgia,-83.306619,33.689869,-82.779506,34.047638
county,13223,Paulding,Paulding County,GA,Georgia,-85.050310,33.774758,-84.722977,34.082609
county,13225,Peach,Peach County,GA,Georgia,-84.018147,32.439148,-83.701086,32.692815
county,13227,Pickens,Pickens County,GA,Georgia,-84.654188,34.373266,-84.256867,34.563681
county,13229,Pierce,Pierce County,GA,Georgia,-82.417412,31.202082,-81.992116,31.530699
county,13231,Pike,Pike County,GA,Georgia,-84.537994,32.968536,-84.247836,33.208889
county,13233,Polk,Polk County,GA,Georgia,-85.421853,33.899212,-84.922742,34.100668
county,13235,Pulaski,Pulaski County,GA,Georgia,-83.615846,32.102843,-83.291106,32.402288
county,13237,Putnam,Putnam County,GA,Georgia,-83.545876,33.167491,-83.143428,33.483438
county,13239,Quitman,Quitman County,GA,Georgia,-85.141931,31.770963,-84.907006,31.991857
county,13241,Rabun,Rabun County,GA,Georgia,-83.661672,34.716053,-83.098381,35.001244
county,13243,Randolph,Randolph County,GA,Georgia,-84.959324,31.618669,-84.535096,31.931840
county,13245,Richmond,Richmond County,GA,Georgia,-82.353498,33.227192,-81.828336,33.544934
county,13247,Rockdale,Rockdale County,GA,Georgia,-84.184143,33.525776,-83.913229,33.786054
county,13249,Schley,Schley County,GA,Georgia,-84.430218,32.158493,-84.181657,32.428047
county,13251,Screven,Screven County,GA,Georgia,-81.868676,32.489286,-81.389261,33.045686
county,13253,Seminole,Seminole County,GA,Georgia,-85.028573,30.711506,-84.730855,31.075564
county,13255,Spalding,Spalding County,GA,Georgia,-84.508926,33.178620,-84.088991,33.352621
county,13257,Stephens,Stephens County,GA,Georgia,-83.458430,34.460998,-83.103256,34.687187
county,13259,Stewart,Stewart County,GA,Georgia,-85.068098,31.920308,-84.631120,32.232953
county,13261,Sumter,Sumter County,GA,Georgia,-84.443807,31.872810,-83.919119,32.229703
county,13263,Talbot,Talbot County,GA,Georgia,-84.703196,32.518662,-84.286246,32.883595
county,13265,Taliaferro,Taliaferro County,GA,Georgia,-83.014038,33.438110,-82.679975,33.733333
county,13267,Tattnall,Tattnall County,GA,Georgia,-82.234982,31.782607,-81.761735,32.318838
county,13269,Taylor,Taylor County,GA,Georgia,-84.453232,32.372053,-84.001971,32.747626
county,13271,Telfair,Telfair County,GA,Georgia,-83.207490,31.774629,-82.645659,32.153274
county,13273,Terrell,Terrell County,GA,Georgia,-84.603086,31.621199,-84.258516,31.967456
county,13275,Thomas,Thomas County,GA,Georgia,-84.119223,30.658396,-83.736158,31.077971
county,13277,Tift,Tift County,GA,Georgia,-83.666660,31.326263,-83.338728,31.597921
county,13279,Toombs,Toombs County,GA,Georgia,-82.483131,31.911798,-82.181926,32.353830
county,13281,Towns,Towns County,GA,Georgia,-83.946177,34.791048,-83.546883,34.992492
county,13283,Treutlen,Treutlen County,GA,Georgia,-82.748732,32.293630,-82.381940,32.512507
county,13285,Troup,Troup County,GA,Georgia,-85.236509,32.866647,-84.861531,33.224693
county,13287,Turner,Turner County,GA,Georgia,-83.802723,31.565629,-83.452179,31.854089
county,13289,Twiggs,Twiggs County,GA,Georgia,-83.611569,32.452198,-83.226536,32.898220
county,13291,Union,Union County,GA,Georgia,-84.179086,34.640552,-83.780346,34.987504
county,13293,Upson,Upson County,GA,Georgia,-84.534397,32.690018,-84.122361,33.004150
county,13295,Walker,Walker County,GA,Georgia,-85.534089,34.581969,-85.050446,34.985075
county,13297,Walton,Walton County,GA,Georgia,-83.982033,33.596919,-83.505928,33.929844
county,13299,Ware,Ware County,GA,Georgia,-82.701050,30.568517,-82.131698,31.469324
county,13301,Warren,Warren County,GA,Georgia,-82.866605,33.253440,-82.383829,33.611422
county,13303,Washington,Washington County,GA,Georgia,-83.073648,32.756261,-82.510851,33.238428
county,13305,Wayne,Wayne County,GA,Georgia,-82.147948,31.327206,-81.612054,31.829296
county,13307,Webster,Webster County,GA,Georgia,-84.655820,31.919167,-84.431214,32.233055
county,13309,Wheeler,Wheeler County,GA,Georgia,-82.939759,31.918883,-82.539184,32.310242
county,13311,White,White County,GA,Georgia,-83.877276,34.503602,-83.615631,34.801495
county,13313,Whitfield,Whitfield County,GA,Georgia,-85.168448,34.615735,-84.810477,34.988004
county,13315,Wilcox,Wilcox County,GA,Georgia,-83.612256,31.844628,-83.176693,32.133260
county,13317,Wilkes,Wilkes County,GA,Georgia,-82.987286,33.596239,-82.479518,33.991402
county,13319,Wilkinson,Wilkinson County,GA,Georgia,-83.406990,32.584201,-82.945120,33.008666
county,13321,Worth,Worth County,GA,Georgia,-84.032692,31.318365,-83.649384,31.849505
county,15001,Hawaii,Hawaii County,HI,Hawaii,-156.061509,18.910361,-154.806773,20.268043
county,15003,Honolulu,Honolulu County,HI,Hawaii,-178.334698,21.255043,-157.648929,28.402123
county,15005,Kalawao,Kalawao County,HI,Hawaii,-157.014612,21.129479,-156.896028,21.215519
county,15007,Kauai,Kauai County,HI,Hawaii,-160.544956,21.649195,-159.292328,22.232603
county,15009,Maui,Maui County,HI,Hawaii,-157.310748,20.500913,-155.978948,21.224145
county,16001,Ada,Ada County,ID,Idaho,-116.513683,43.112269,-115.974845,43.807363
county,16003,Adams,Adams County,ID,Idaho,-116.899641,44.444436,-116.089118,45.267872
county,16005,Bannock,Bannock County,ID,Idaho,-112.752341,42.256276,-111.875475,43.022391
county,16007,Bear Lake,Bear Lake County,ID,Idaho,-111.634519,41.999541,-111.046711,42.603352
county,16009,Benewah,Benewah County,ID,Idaho,-117.040069,47.021915,-116.329400,47.414695
county,16011,Bingham,Bingham County,ID,Idaho,-113.007760,42.863051,-111.588049,43.626623
county,16013,Blaine,Blaine County,ID,Idaho,-114.996687,42.615851,-113.007318,43.992949
county,16015,Boise,Boise County,ID,Idaho,-116.279919,43.585946,-114.967343,44.351695
county,16017,Bonner,Bonner County,ID,Idaho,-117.042264,47.890142,-116.048911,48.847402
county,16019,Bonneville,Bonneville County,ID,Idaho,-112.520027,43.019408,-111.043997,43.626886
county,16021,Boundary,Boundary County,ID,Idaho,-117.032385,48.500103,-116.049062,49.000911
county,16023,Butte,Butte County,ID,Idaho,-113.798441,43.284678,-112.694966,44.234126
county,16025,Camas,Camas County,ID,Idaho,-115.086574,43.198064,-114.374758,43.858563
county,16027,Canyon,Canyon County,ID,Idaho,-117.032881,43.290520,-116.473393,43.880154
county,16029,Caribou,Caribou County,ID,Idaho,-112.149835,42.415359,-111.043564,43.022384
county,16031,Cassia,Cassia County,ID,Idaho,-114.286653,41.988209,-112.999965,42.687832
county,16033,Clark,Clark County,ID,Idaho,-112.995189,43.971941,-111.617207,44.571301
county,16035,Clearwater,Clearwater County,ID,Idaho,-116.456136,46.265755,-114.594491,46.934669
county,16037,Custer,Custer County,ID,Idaho,-115.304994,43.569217,-113.320362,44.878966
county,16039,Elmore,Elmore County,ID,Idaho,-116.267831,42.767936,-114.971351,44.098766
county,16041,Franklin,Franklin County,ID,Idaho,-112.126194,41.997745,-111.507806,42.430635
county,16043,Fremont,Fremont County,ID,Idaho,-112.156370,43.883206,-111.047064,44.754898
county,16045,Gem,Gem County,ID,Idaho,-116.712752,43.807140,-116.152295,44.510813
county,16047,Gooding,Gooding County,ID,Idaho,-115.086850,42.649298,-114.594375,43.198506
county,16049,Idaho,Idaho County,ID,Idaho,-116.794455,45.107651,-114.320335,46.670697
county,16051,Jefferson,Jefferson County,ID,Idaho,-112.697122,43.623140,-111.625938,44.058464
county,16053,Jerome,Jerome County,ID,Idaho,-114.617401,42.494906,-113.931687,42.850901
county,16055,Kootenai,Kootenai County,ID,Idaho,-117.042657,47.366028,-116.329406,47.991496
county,16057,Latah,Latah County,ID,Idaho,-117.039828,46.541709,-116.329418,47.130829
county,16059,Lemhi,Lemhi County,ID,Idaho,-114.820056,44.230246,-112.813792,45.705721
county,16061,Lewis,Lewis County,ID,Idaho,-116.713818,45.991626,-116.012624,46.469357
county,16063,Lincoln,Lincoln County,ID,Idaho,-114.594738,42.764264,-113.713975,43.200145
county,16065,Madison,Madison County,ID,Idaho,-111.983527,43.621976,-111.398781,43.930137
county,16067,Minidoka,Minidoka County,ID,Idaho,-113.932021,42.518563,-113.413138,43.199859
county,16069,Nez Perce,Nez Perce County,ID,Idaho,-117.062785,45.855216,-116.360239,46.631245
county,16071,Oneida,Oneida County,ID,Idaho,-113.000081,41.997226,-112.070266,42.503055
county,16073,Owyhee,Owyhee County,ID,Idaho,-117.027001,41.996012,-115.037509,43.680804
county,16075,Payette,Payette County,ID,Idaho,-116.983840,43.792687,-116.452068,44.152656
county,16077,Power,Power County,ID,Idaho,-113.243720,42.327427,-112.379670,43.110946
county,16079,Shoshone,Shoshone County,ID,Idaho,-116.329601,46.932869,-114.958866,48.068890
county,16081,Teton,Teton County,ID,Idaho,-111.400912,43.501052,-111.045205,43.984307
county,16083,Twin Falls,Twin Falls County,ID,Idaho,-115.038174,41.994214,-114.000317,42.918353
county,16085,Valley,Valley County,ID,Idaho,-116.213871,44.147668,-114.694001,45.219651
county,16087,Washington,Washington County,ID,Idaho,-117.243027,44.151158,-116.299686,44.840608
county,17001,Adams,Adams County,IL,Illinois,-91.513079,39.756935,-90.911969,40.199925
county,17003,Alexander,Alexander County,IL,Illinois,-89.518393,36.970298,-89.132685,37.335567
county,17005,Bond,Bond County,IL,Illinois,-89.639265,38.740509,-89.250305,39.028366
county,17007,Boone,Boone County,IL,Illinois,-88.940992,42.152320,-88.705410,42.495046
county,17009,Brown,Brown County,IL,Illinois,-90.917031,39.838961,-90.510442,40.105902
county,17011,Bureau,Bureau County,IL,Illinois,-89.862351,41.148524,-89.163705,41.585289
county,17013,Calhoun,Calhoun County,IL,Illinois,-90.936778,38.868336,-90.450810,39.400252
county,17015,Carroll,Carroll County,IL,Illinois,-90.317331,41.928917,-89.684741,42.199112
county,17017,Cass,Cass County,IL,Illinois,-90.583534,39.872627,-89.994405,40.125210
county,17019,Champaign,Champaign County,IL,Illinois,-88.463551,39.879092,-87.928760,40.400610
county,17021,Christian,Christian County,IL,Illinois,-89.535028,39.345920,-89.023991,39.825948
county,17023,Clark,Clark County,IL,Illinois,-88.013944,39.157532,-87.531368,39.487363
county,17025,Clay,Clay County,IL,Illinois,-88.698459,38.599137,-88.249131,38.915385
county,17027,Clinton,Clinton County,IL,Illinois,-89.706949,38.415779,-89.138393,38.743236
county,17029,Coles,Coles County,IL,Illinois,-88.472073,39.373638,-87.960179,39.685973
county,17031,Cook,Cook County,IL,Illinois,-88.263641,41.469710,-87.524165,42.154265
county,17033,Crawford,Crawford County,IL,Illinois,-87.950392,38.848857,-87.512187,39.179220
county,17035,Cumberland,Cumberland County,IL,Illinois,-88.471188,39.171054,-88.007766,39.378968
county,17037,DeKalb,DeKalb County,IL,Illinois,-88.942146,41.628316,-88.588330,42.153590
county,17039,De Witt,De Witt County,IL,Illinois,-89.148764,40.048853,-88.574885,40.283192
county,17041,Douglas,Douglas County,IL,Illinois,-88.473182,39.651588,-87.937019,39.880223
county,17043,DuPage,DuPage County,IL,Illinois,-88.262879,41.685242,-87.914264,41.993886
county,17045,Edgar,Edgar County,IL,Illinois,-87.968777,39.476771,-87.531658,39.883000
county,17047,Edwards,Edwards County,IL,Illinois,-88.150891,38.255661,-87.937174,38.570552
county,17049,Effingham,Effingham County,IL,Illinois,-88.806795,38.910847,-88.360504,39.216263
county,17051,Fayette,Fayette County,IL,Illinois,-89.257360,38.736331,-88.693531,39.217892
county,17053,Ford,Ford County,IL,Illinois,-88.459957,40.398417,-87.931712,40.997777
county,17055,Franklin,Franklin County,IL,Illinois,-89.178240,37.861996,-88.704606,38.126607
county,17057,Fulton,Fulton County,IL,Illinois,-90.451916,40.183812,-89.872116,40.714868
county,17059,Gallatin,Gallatin County,IL,Illinois,-88.375434,37.573189,-88.025921,37.915946
county,17061,Greene,Greene County,IL,Illinois,-90.622290,39.117592,-90.148069,39.521728
county,17063,Grundy,Grundy County,IL,Illinois,-88.595961,41.108293,-88.240889,41.463066
county,17065,Hamilton,Hamilton County,IL,Illinois,-88.706622,37.906428,-88.370367,38.256661
county,17067,Hancock,Hancock County,IL,Illinois,-91.507269,40.193088,-90.904216,40.639201
county,17069,Hardin,Hardin County,IL,Illinois,-88.415412,37.401663,-88.061292,37.599625
county,17071,Henderson,Henderson County,IL,Illinois,-91.185428,40.634956,-90.785194,41.070256
county,17073,Henry,Henry County,IL,Illinois,-90.437652,41.149369,-89.856619,41.584674
county,17075,Iroquois,Iroquois County,IL,Illinois,-88.131935,40.485601,-87.525833,41.010339
county,17077,Jackson,Jackson County,IL,Illinois,-89.680773,37.562091,-89.150755,37.955343
county,17079,Jasper,Jasper County,IL,Illinois,-88.362779,38.846953,-87.945032,39.174882
county,17081,Jefferson,Jefferson County,IL,Illinois,-89.149841,38.124735,-88.698961,38.476969
county,17083,Jersey,Jersey County,IL,Illinois,-90.603569,38.923395,-90.145856,39.261960
county,17085,Jo Daviess,Jo Daviess County,IL,Illinois,-90.656527,42.193647,-89.919772,42.508481
county,17087,Johnson,Johnson County,IL,Illinois,-89.044799,37.294111,-88.708546,37.600677
county,17089,Kane,Kane County,IL,Illinois,-88.602566,41.719563,-88.238186,42.154249
county,17091,Kankakee,Kankakee County,IL,Illinois,-88.251501,40.994560,-87.526344,41.298052
county,17093,Kendall,Kendall County,IL,Illinois,-88.603620,41.457129,-88.252231,41.724656
county,17095,Knox,Knox County,IL,Illinois,-90.444339,40.712361,-89.984559,41.152110
county,17097,Lake,Lake County,IL,Illinois,-88.199759,42.152255,-87.759142,42.496219
county,17099,LaSalle,LaSalle County,IL,Illinois,-89.167150,40.925749,-88.586240,41.631389
county,17101,Lawrence,Lawrence County,IL,Illinois,-87.912286,38.568061,-87.495199,38.852503
county,17103,Lee,Lee County,IL,Illinois,-89.632379,41.584921,-88.938679,41.911633
county,17105,Livingston,Livingston County,IL,Illinois,-88.931469,40.616550,-88.234950,41.114218
county,17107,Logan,Logan County,IL,Illinois,-89.603598,39.916881,-89.143451,40.325344
county,17109,McDonough,McDonough County,IL,Illinois,-90.909756,40.276335,-90.445627,40.639201
county,17111,McHenry,McHenry County,IL,Illinois,-88.707421,42.153520,-88.198245,42.496018
county,17113,McLean,McLean County,IL,Illinois,-89.269397,40.280919,-88.459227,40.757608
county,17115,Macon,Macon County,IL,Illinois,-89.217851,39.652682,-88.745104,40.055332
county,17117,Macoupin,Macoupin County,IL,Illinois,-90.153782,38.998330,-89.698555,39.523316
county,17119,Madison,Madison County,IL,Illinois,-90.275714,38.655001,-89.595103,38.999354
county,17121,Marion,Marion County,IL,Illinois,-89.144388,38.473878,-88.695165,38.826299
county,17123,Marshall,Marshall County,IL,Illinois,-89.638727,40.921205,-89.047099,41.148680
county,17125,Mason,Mason County,IL,Illinois,-90.354524,40.051259,-89.601011,40.435995
county,17127,Massac,Massac County,IL,Illinois,-88.928840,37.065231,-88.490121,37.337081
county,17129,Menard,Menard County,IL,Illinois,-89.995090,39.901531,-89.578289,40.160663
county,17131,Mercer,Mercer County,IL,Illinois,-91.114186,41.063692,-90.433737,41.333359
county,17133,Monroe,Monroe County,IL,Illinois,-90.372659,38.086656,-89.896751,38.520511
county,17135,Montgomery,Montgomery County,IL,Illinois,-89.703692,38.998979,-89.139464,39.524592
county,17137,Morgan,Morgan County,IL,Illinois,-90.599105,39.519989,-89.923955,39.876750
county,17139,Moultrie,Moultrie County,IL,Illinois,-88.812709,39.447041,-88.470505,39.792261
county,17141,Ogle,Ogle County,IL,Illinois,-89.688486,41.885536,-88.938936,42.204241
county,17143,Peoria,Peoria County,IL,Illinois,-89.989018,40.513225,-89.447693,40.975033
county,17145,Perry,Perry County,IL,Illinois,-89.595073,37.950204,-89.115253,38.219271
county,17147,Piatt,Piatt County,IL,Illinois,-88.745967,39.791820,-88.460418,40.281935
county,17149,Pike,Pike County,IL,Illinois,-91.370009,39.395416,-90.565737,39.844927
county,17151,Pope,Pope County,IL,Illinois,-88.710744,37.067368,-88.412659,37.599848
county,17153,Pulaski,Pulaski County,IL,Illinois,-89.273631,37.068184,-88.927941,37.335298
county,17155,Putnam,Putnam County,IL,Illinois,-89.466457,41.103849,-89.162237,41.322525
county,17157,Randolph,Randolph County,IL,Illinois,-90.205350,37.803005,-89.592395,38.223246
county,17159,Richland,Richland County,IL,Illinois,-88.297534,38.569033,-87.908113,38.850247
county,17161,Rock Island,Rock Island County,IL,Illinois,-91.071956,41.326838,-90.159878,41.782965
county,17163,St. Clair,St. Clair County,IL,Illinois,-90.263828,38.219404,-89.703256,38.660266
county,17165,Saline,Saline County,IL,Illinois,-88.708566,37.599023,-88.373573,37.907750
county,17167,Sangamon,Sangamon County,IL,Illinois,-89.994506,39.522104,-89.217465,39.976733
county,17169,Schuyler,Schuyler County,IL,Illinois,-90.913471,39.978830,-90.199635,40.284394
county,17171,Scott,Scott County,IL,Illinois,-90.646112,39.520344,-90.300666,39.790060
county,17173,Shelby,Shelby County,IL,Illinois,-89.139916,39.215029,-88.470351,39.654183
county,17175,Stark,Stark County,IL,Illinois,-89.985479,40.973707,-89.638473,41.234479
county,17177,Stephenson,Stephenson County,IL,Illinois,-89.926509,42.196673,-89.396192,42.505788
county,17179,Tazewell,Tazewell County,IL,Illinois,-89.924680,40.319218,-89.263740,40.748257
county,17181,Union,Union County,IL,Illinois,-89.521925,37.329717,-89.041401,37.600279
county,17183,Vermilion,Vermilion County,IL,Illinois,-87.942103,39.868608,-87.526366,40.491237
county,17185,Wabash,Wabash County,IL,Illinois,-87.991992,38.236297,-87.645345,38.570230
county,17187,Warren,Warren County,IL,Illinois,-90.789652,40.627638,-90.439423,41.068749
county,17189,Washington,Washington County,IL,Illinois,-89.704245,38.212895,-89.143866,38.518809
county,17191,Wayne,Wayne County,IL,Illinois,-88.702391,38.255319,-88.147752,38.607309
county,17193,White,White County,IL,Illinois,-88.374521,37.888051,-87.910623,38.259894
county,17195,Whiteside,Whiteside County,IL,Illinois,-90.247917,41.583654,-89.628907,41.931245
county,17197,Will,Will County,IL,Illinois,-88.261275,41.201566,-87.525705,41.728894
county,17199,Williamson,Williamson County,IL,Illinois,-89.153617,37.596260,-88.706759,37.863570
county,17201,Winnebago,Winnebago County,IL,Illinois,-89.401416,42.150392,-88.939732,42.500433
county,17203,Woodford,Woodford County,IL,Illinois,-89.563626,40.594318,-88.929331,40.927740
county,18001,Adams,Adams County,IN,Indiana,-85.073861,40.568240,-84.802093,40.922568
county,18003,Allen,Allen County,IN,Indiana,-85.338276,40.916985,-84.802922,41.270933
county,18005,Bartholomew,Bartholomew County,IN,Indiana,-86.085601,39.036000,-85.684515,39.350231
county,18007,Benton,Benton County,IN,Indiana,-87.526596,40.475628,-87.093676,40.736885
county,18009,Blackford,Blackford County,IN,Indiana,-85.447014,40.378222,-85.200677,40.567327
county,18011,Boone,Boone County,IN,Indiana,-86.695821,39.922647,-86.240736,40.180778
county,18013,Brown,Brown County,IN,Indiana,-86.381395,39.048357,-86.079030,39.344189
county,18015,Carroll,Carroll County,IN,Indiana,-86.774230,40.430965,-86.373521,40.737540
county,18017,Cass,Cass County,IN,Indiana,-86.581739,40.561331,-86.165024,40.910925
county,18019,Clark,Clark County,IN,Indiana,-85.994633,38.267190,-85.415745,38.606736
county,18021,Clay,Clay County,IN,Indiana,-87.240737,39.167965,-86.939981,39.607137
county,18023,Clinton,Clinton County,IN,Indiana,-86.695804,40.177001,-86.242288,40.432156
county,18025,Crawford,Crawford County,IN,Indiana,-86.681424,38.104329,-86.245581,38.422875
county,18027,Daviess,Daviess County,IN,Indiana,-87.279173,38.490453,-86.904193,38.904204
county,18029,Dearborn,Dearborn County,IN,Indiana,-85.132508,38.935507,-84.819351,39.307232
county,18031,Decatur,Decatur County,IN,Indiana,-85.687294,39.130859,-85.296101,39.453345
county,18033,DeKalb,DeKalb County,IN,Indiana,-85.194084,41.264209,-84.803587,41.530252
county,18035,Delaware,Delaware County,IN,Indiana,-85.578908,40.076411,-85.214386,40.379524
county,18037,Dubois,Dubois County,IN,Indiana,-87.073238,38.202924,-86.678992,38.526468
county,18039,Elkhart,Elkhart County,IN,Indiana,-86.062575,41.434940,-85.653507,41.760528
county,18041,Fayette,Fayette County,IN,Indiana,-85.301584,39.525476,-85.034575,39.788587
county,18043,Floyd,Floyd County,IN,Indiana,-86.033137,38.180370,-85.761072,38.419079
county,18045,Fountain,Fountain County,IN,Indiana,-87.440263,39.952452,-87.090008,40.366671
county,18047,Franklin,Franklin County,IN,Indiana,-85.298609,39.268291,-84.815365,39.526863
county,18049,Fulton,Fulton County,IN,Indiana,-86.468509,40.909064,-85.945402,41.172868
county,18051,Gibson,Gibson County,IN,Indiana,-87.988037,38.165403,-87.315886,38.533519
county,18053,Grant,Grant County,IN,Indiana,-85.864791,40.378367,-85.444330,40.653607
county,18055,Greene,Greene County,IN,Indiana,-87.241063,38.902593,-86.682277,39.171773
county,18057,Hamilton,Hamilton County,IN,Indiana,-86.242743,39.926062,-85.861856,40.218936
county,18059,Hancock,Hancock County,IN,Indiana,-85.954013,39.697136,-85.576192,39.945756
county,18061,Harrison,Harrison County,IN,Indiana,-86.329672,37.958171,-85.899547,38.422685
county,18063,Hendricks,Hendricks County,IN,Indiana,-86.695127,39.600750,-86.325373,39.924169
county,18065,Henry,Henry County,IN,Indiana,-85.596916,39.786519,-85.200310,40.077143
county,18067,Howard,Howard County,IN,Indiana,-86.375762,40.373661,-85.862117,40.565525
county,18069,Huntington,Huntington County,IN,Indiana,-85.643841,40.653129,-85.334667,41.005250
county,18071,Jackson,Jackson County,IN,Indiana,-86.318133,38.725026,-85.795233,39.070888
county,18073,Jasper,Jasper County,IN,Indiana,-87.276508,40.736541,-86.929782,41.286365
county,18075,Jay,Jay County,IN,Indiana,-85.219901,40.306706,-84.802485,40.572212
county,18077,Jefferson,Jefferson County,IN,Indiana,-85.684068,38.586011,-85.201452,38.913949
county,18079,Jennings,Jennings County,IN,Indiana,-85.799834,38.806986,-85.439905,39.195617
county,18081,Johnson,Johnson County,IN,Indiana,-86.251684,39.341672,-85.950800,39.638345
county,18083,Knox,Knox County,IN,Indiana,-87.756714,38.414388,-87.090694,38.907874
county,18085,Kosciusko,Kosciusko County,IN,Indiana,-86.077551,41.041878,-85.651196,41.436856
county,18087,LaGrange,LaGrange County,IN,Indiana,-85.659750,41.523347,-85.193926,41.760097
county,18089,Lake,Lake County,IN,Indiana,-87.526729,41.162230,-87.218812,41.710031
county,18091,LaPorte,LaPorte County,IN,Indiana,-86.932720,41.236798,-86.486378,41.760251
county,18093,Lawrence,Lawrence County,IN,Indiana,-86.683863,38.686561,-86.275281,38.992404
county,18095,Madison,Madison County,IN,Indiana,-85.863578,39.943618,-85.575623,40.379524
county,18097,Marion,Marion County,IN,Indiana,-86.328121,39.632177,-85.937379,39.927380
county,18099,Marshall,Marshall County,IN,Indiana,-86.467108,41.171442,-86.054047,41.479382
county,18101,Martin,Martin County,IN,Indiana,-86.924360,38.494796,-86.682359,38.904697
county,18103,Miami,Miami County,IN,Indiana,-86.169144,40.562649,-85.863641,40.999195
county,18105,Monroe,Monroe County,IN,Indiana,-86.685610,38.990699,-86.317380,39.355593
county,18107,Montgomery,Montgomery County,IN,Indiana,-87.092527,39.864845,-86.695071,40.214933
county,18109,Morgan,Morgan County,IN,Indiana,-86.687574,39.338300,-86.249885,39.633645
county,18111,Newton,Newton County,IN,Indiana,-87.526696,40.736515,-87.267298,41.218595
county,18113,Noble,Noble County,IN,Indiana,-85.654747,41.263851,-85.192094,41.526541
county,18115,Ohio,Ohio County,IN,Indiana,-85.140312,38.900984,-84.829857,39.031600
county,18117,Orange,Orange County,IN,Indiana,-86.683102,38.394069,-86.307749,38.688655
county,18119,Owen,Owen County,IN,Indiana,-87.054876,39.165746,-86.630719,39.473345
county,18121,Parke,Parke County,IN,Indiana,-87.434124,39.604787,-87.009477,39.953301
county,18123,Perry,Perry County,IN,Indiana,-86.813485,37.841425,-86.430091,38.266328
county,18125,Pike,Pike County,IN,Indiana,-87.462916,38.230978,-87.072274,38.552220
county,18127,Porter,Porter County,IN,Indiana,-87.222643,41.219658,-86.929362,41.709524
county,18129,Posey,Posey County,IN,Indiana,-88.097892,37.771742,-87.688208,38.230353
county,18131,Pulaski,Pulaski County,IN,Indiana,-86.930935,40.909712,-86.467046,41.172318
county,18133,Putnam,Putnam County,IN,Indiana,-87.014683,39.470063,-86.641745,39.866705
county,18135,Randolph,Randolph County,IN,Indiana,-85.218758,40.004142,-84.803664,40.310093
county,18137,Ripley,Ripley County,IN,Indiana,-85.444897,38.912998,-85.065100,39.310407
county,18139,Rush,Rush County,IN,Indiana,-85.633491,39.452342,-85.297575,39.787579
county,18141,St. Joseph,St. Joseph County,IN,Indiana,-86.526682,41.432886,-86.059440,41.760592
county,18143,Scott,Scott County,IN,Indiana,-85.888334,38.561269,-85.569980,38.831812
county,18145,Shelby,Shelby County,IN,Indiana,-85.952796,39.347373,-85.629249,39.699068
county,18147,Spencer,Spencer County,IN,Indiana,-87.269022,37.782354,-86.764974,38.205130
county,18149,Starke,Starke County,IN,Indiana,-86.930170,41.171331,-86.466282,41.433020
county,18151,Steuben,Steuben County,IN,Indiana,-85.196774,41.526437,-84.804688,41.760216
county,18153,Sullivan,Sullivan County,IN,Indiana,-87.658745,38.901591,-87.240379,39.259458
county,18155,Switzerland,Switzerland County,IN,Indiana,-85.203589,38.687583,-84.784579,38.929578
county,18157,Tippecanoe,Tippecanoe County,IN,Indiana,-87.095357,40.214367,-86.694665,40.562895
county,18159,Tipton,Tipton County,IN,Indiana,-86.242992,40.215834,-85.860242,40.406889
county,18161,Union,Union County,IN,Indiana,-85.036317,39.521950,-84.814381,39.729263
county,18163,Vanderburgh,Vanderburgh County,IN,Indiana,-87.700712,37.825899,-87.449421,38.168419
county,18165,Vermillion,Vermillion County,IN,Indiana,-87.533256,39.607293,-87.353863,40.148422
county,18167,Vigo,Vigo County,IN,Indiana,-87.621176,39.258981,-87.199012,39.608250
county,18169,Wabash,Wabash County,IN,Indiana,-85.946436,40.650991,-85.638587,41.046716
county,18171,Warren,Warren County,IN,Indiana,-87.531457,40.127322,-87.091985,40.476883
county,18173,Warrick,Warrick County,IN,Indiana,-87.473217,37.877974,-87.017453,38.246077
county,18175,Washington,Washington County,IN,Indiana,-86.310058,38.417897,-85.847588,38.783588
county,18177,Wayne,Wayne County,IN,Indiana,-85.221136,39.714764,-84.810933,40.006357
county,18179,Wells,Wells County,IN,Indiana,-85.448993,40.566929,-85.068479,40.917823
county,18181,White,White County,IN,Indiana,-87.099793,40.561207,-86.580400,40.912480
county,18183,Whitley,Whitley County,IN,Indiana,-85.686574,41.001909,-85.307781,41.295352
county,19001,Adair,Adair County,IA,Iowa,-94.700697,41.157134,-94.241304,41.504148
county,19003,Adams,Adams County,IA,Iowa,-94.928604,40.899362,-94.470452,41.158508
county,19005,Allamakee,Allamakee County,IA,Iowa,-91.611046,43.080247,-91.057910,43.500984
county,19007,Appanoose,Appanoose County,IA,Iowa,-93.097746,40.584014,-92.637878,40.898886
county,19009,Audubon,Audubon County,IA,Iowa,-95.093304,41.504148,-94.700629,41.863374
county,19011,Benton,Benton County,IA,Iowa,-92.299324,41.861606,-91.831089,42.299063
county,19013,Black Hawk,Black Hawk County,IA,Iowa,-92.554655,42.297001,-92.064187,42.642320
county,19015,Boone,Boone County,IA,Iowa,-94.164911,41.863086,-93.698032,42.209946
county,19017,Bremer,Bremer County,IA,Iowa,-92.554799,42.641958,-92.081408,42.907248
county,19019,Buchanan,Buchanan County,IA,Iowa,-92.082416,42.296408,-91.596981,42.643973
county,19021,Buena Vista,Buena Vista County,IA,Iowa,-95.388194,42.560309,-94.913840,42.909972
county,19023,Butler,Butler County,IA,Iowa,-93.027000,42.555792,-92.554211,42.907549
county,19025,Calhoun,Calhoun County,IA,Iowa,-94.914670,42.209084,-94.397092,42.560309
county,19027,Carroll,Carroll County,IA,Iowa,-95.093084,41.862394,-94.628724,42.210405
county,19029,Cass,Cass County,IA,Iowa,-95.155851,41.157903,-94.700097,41.505211
county,19031,Cedar,Cedar County,IA,Iowa,-91.366448,41.597133,-90.898072,41.947410
county,19033,Cerro Gordo,Cerro Gordo County,IA,Iowa,-93.498617,42.907495,-93.022976,43.255707
county,19035,Cherokee,Cherokee County,IA,Iowa,-95.860810,42.560620,-95.387500,42.910311
county,19037,Chickasaw,Chickasaw County,IA,Iowa,-92.554464,42.906732,-92.080976,43.213707
county,19039,Clarke,Clarke County,IA,Iowa,-94.014887,40.896670,-93.556540,41.162082
county,19041,Clay,Clay County,IA,Iowa,-95.388757,42.909676,-94.913459,43.255479
county,19043,Clayton,Clayton County,IA,Iowa,-91.608412,42.643973,-90.896898,43.081694
county,19045,Clinton,Clinton County,IA,Iowa,-90.898941,41.727701,-90.140061,42.033574
county,19047,Crawford,Crawford County,IA,Iowa,-95.672771,41.863147,-95.090851,42.211408
county,19049,Dallas,Dallas County,IA,Iowa,-94.280724,41.503093,-93.790514,41.863419
county,19051,Davis,Davis County,IA,Iowa,-92.639156,40.590853,-92.178175,40.899720
county,19053,Decatur,Decatur County,IA,Iowa,-94.015492,40.573914,-93.556186,40.899354
county,19055,Delaware,Delaware County,IA,Iowa,-91.609048,42.295761,-91.130079,42.645844
county,19057,Des Moines,Des Moines County,IA,Iowa,-91.409453,40.696279,-90.942253,41.074168
county,19059,Dickinson,Dickinson County,IA,Iowa,-95.388078,43.255054,-94.913723,43.501196
county,19061,Dubuque,Dubuque County,IA,Iowa,-91.134439,42.294642,-90.473812,42.675262
county,19063,Emmet,Emmet County,IA,Iowa,-94.914825,43.255014,-94.442348,43.500989
county,19065,Fayette,Fayette County,IA,Iowa,-92.081884,42.641833,-91.605307,43.082794
county,19067,Floyd,Floyd County,IA,Iowa,-93.025144,42.907095,-92.554061,43.212819
county,19069,Franklin,Franklin County,IA,Iowa,-93.499539,42.556742,-93.025144,42.908512
county,19071,Fremont,Fremont County,IA,Iowa,-95.888907,40.580501,-95.370618,40.901704
county,19073,Greene,Greene County,IA,Iowa,-94.629347,41.862763,-94.164377,42.209920
county,19075,Grundy,Grundy County,IA,Iowa,-93.027115,42.209267,-92.533510,42.556810
county,19077,Guthrie,Guthrie County,IA,Iowa,-94.744876,41.503570,-94.241356,41.863252
county,19079,Hamilton,Hamilton County,IA,Iowa,-93.971599,42.209146,-93.462635,42.558139
county,19081,Hancock,Hancock County,IA,Iowa,-93.971291,42.907762,-93.497635,43.255627
county,19083,Hardin,Hardin County,IA,Iowa,-93.499485,42.208702,-93.001674,42.557700
county,19085,Harrison,Harrison County,IA,Iowa,-96.139010,41.506031,-95.497793,41.866301
county,19087,Henry,Henry County,IA,Iowa,-91.718787,40.812631,-91.370298,41.163564
county,19089,Howard,Howard County,IA,Iowa,-92.554553,43.212730,-92.079635,43.500780
county,19091,Humboldt,Humboldt County,IA,Iowa,-94.443157,42.644339,-93.971238,42.908264
county,19093,Ida,Ida County,IA,Iowa,-95.741821,42.210701,-95.322357,42.561875
county,19095,Iowa,Iowa County,IA,Iowa,-92.299952,41.509790,-91.827060,41.863057
county,19097,Jackson,Jackson County,IA,Iowa,-90.898654,42.032718,-90.154221,42.382308
county,19099,Jasper,Jasper County,IA,Iowa,-93.348681,41.507824,-92.756508,41.863104
county,19101,Jefferson,Jefferson County,IA,Iowa,-92.179974,40.899720,-91.716042,41.163760
county,19103,Johnson,Johnson County,IA,Iowa,-91.834185,41.423178,-91.365989,41.862035
county,19105,Jones,Jones County,IA,Iowa,-91.365877,41.946245,-90.898020,42.296445
county,19107,Keokuk,Keokuk County,IA,Iowa,-92.412008,41.161925,-91.944641,41.510749
county,19109,Kossuth,Kossuth County,IA,Iowa,-94.443137,42.907762,-93.970202,43.500376
county,19111,Lee,Lee County,IA,Iowa,-91.718787,40.375659,-91.112434,40.813901
county,19113,Linn,Linn County,IA,Iowa,-91.835262,41.859606,-91.363263,42.299063
county,19115,Louisa,Louisa County,IA,Iowa,-91.485936,41.072711,-90.946259,41.424226
county,19117,Lucas,Lucas County,IA,Iowa,-93.557556,40.897581,-93.097595,41.161311
county,19119,Lyon,Lyon County,IA,Iowa,-96.602608,43.257276,-95.860475,43.500457
county,19121,Madison,Madison County,IA,Iowa,-94.241718,41.156535,-93.789196,41.511916
county,19123,Mahaska,Mahaska County,IA,Iowa,-92.871421,41.161066,-92.410070,41.509548
county,19125,Marion,Marion County,IA,Iowa,-93.328614,41.160659,-92.869771,41.508522
county,19127,Marshall,Marshall County,IA,Iowa,-93.231858,41.862373,-92.765705,42.210140
county,19129,Mills,Mills County,IA,Iowa,-95.883489,40.901045,-95.384170,41.160310
county,19131,Mitchell,Mitchell County,IA,Iowa,-93.024466,43.212503,-92.553128,43.500212
county,19133,Monona,Monona County,IA,Iowa,-96.359870,41.863147,-95.670721,42.215137
county,19135,Monroe,Monroe County,IA,Iowa,-93.099217,40.898222,-92.639091,41.161402
county,19137,Montgomery,Montgomery County,IA,Iowa,-95.384964,40.900653,-94.927464,41.160011
county,19139,Muscatine,Muscatine County,IA,Iowa,-91.369332,41.333592,-90.783727,41.598373
county,19141,O'Brien,O'Brien County,IA,Iowa,-95.862272,42.909097,-95.387756,43.258479
county,19143,Osceola,Osceola County,IA,Iowa,-95.861914,43.255221,-95.387519,43.500468
county,19145,Page,Page County,IA,Iowa,-95.385483,40.575068,-94.913124,40.901550
county,19147,Palo Alto,Palo Alto County,IA,Iowa,-94.913890,42.908073,-94.442595,43.255458
county,19149,Plymouth,Plymouth County,IA,Iowa,-96.638621,42.560620,-95.858570,42.910152
county,19151,Pocahontas,Pocahontas County,IA,Iowa,-94.915564,42.558843,-94.442541,42.909700
county,19153,Polk,Polk County,IA,Iowa,-93.815721,41.481838,-93.328407,41.863469
county,19155,Pottawattamie,Pottawattamie County,IA,Iowa,-96.019817,41.159236,-95.154614,41.506959
county,19157,Poweshiek,Poweshiek County,IA,Iowa,-92.766759,41.508794,-92.297494,41.862779
county,19159,Ringgold,Ringgold County,IA,Iowa,-94.471681,40.570825,-94.014773,40.899502
county,19161,Sac,Sac County,IA,Iowa,-95.388010,42.209692,-94.856689,42.561742
county,19163,Scott,Scott County,IA,Iowa,-90.899853,41.449632,-90.312770,41.776435
county,19165,Shelby,Shelby County,IA,Iowa,-95.558143,41.504690,-95.040743,41.864207
county,19167,Sioux,Sioux County,IA,Iowa,-96.571194,42.908791,-95.859377,43.259999
county,19169,Story,Story County,IA,Iowa,-93.698759,41.862667,-93.231539,42.209358
county,19171,Tama,Tama County,IA,Iowa,-92.768090,41.862200,-92.297269,42.297527
county,19173,Taylor,Taylor County,IA,Iowa,-94.928938,40.570707,-94.470779,40.900653
county,19175,Union,Union County,IA,Iowa,-94.471044,40.897031,-94.014189,41.157566
county,19177,Van Buren,Van Buren County,IA,Iowa,-92.179780,40.598530,-91.716432,40.901261
county,19179,Wapello,Wapello County,IA,Iowa,-92.640376,40.898886,-92.178986,41.162662
county,19181,Warren,Warren County,IA,Iowa,-93.790647,41.160537,-93.327886,41.512094
county,19183,Washington,Washington County,IA,Iowa,-91.946935,41.161532,-91.483862,41.511706
county,19185,Wayne,Wayne County,IA,Iowa,-93.556952,40.579916,-93.097254,40.898451
county,19187,Webster,Webster County,IA,Iowa,-94.443578,42.209065,-93.931580,42.645164
county,19189,Winnebago,Winnebago County,IA,Iowa,-93.970762,43.255299,-93.497352,43.499881
county,19191,Winneshiek,Winneshiek County,IA,Iowa,-92.081177,43.081653,-91.603992,43.500809
county,19193,Woodbury,Woodbury County,IA,Iowa,-96.498997,42.211268,-95.669176,42.562163
county,19195,Worth,Worth County,IA,Iowa,-93.497821,43.255057,-93.024092,43.499724
county,19197,Wright,Wright County,IA,Iowa,-93.971753,42.557497,-93.498597,42.908611
county,20001,Allen,Allen County,KS,Kansas,-95.525499,37.732406,-95.077876,38.038446
county,20003,Anderson,Anderson County,KS,Kansas,-95.518970,38.037702,-95.065103,38.390464
county,20005,Atchison,Atchison County,KS,Kansas,-95.570351,39.418806,-94.968849,39.652980
county,20007,Barber,Barber County,KS,Kansas,-99.012598,36.997961,-98.347149,37.471051
county,20009,Barton,Barton County,KS,Kansas,-99.033430,38.260790,-98.479514,38.696916
county,20011,Bourbon,Bourbon County,KS,Kansas,-95.088082,37.673105,-94.613981,38.037706
county,20013,Brown,Brown County,KS,Kansas,-95.788977,39.652746,-95.339634,40.000463
county,20015,Butler,Butler County,KS,Kansas,-97.153450,37.475375,-96.522782,38.087704
county,20017,Chase,Chase County,KS,Kansas,-96.841154,38.085622,-96.353780,38.522473
county,20019,Chautauqua,Chautauqua County,KS,Kansas,-96.525578,36.998643,-95.964135,37.302730
county,20021,Cherokee,Cherokee County,KS,Kansas,-95.075324,36.998665,-94.617636,37.339993
county,20023,Cheyenne,Cheyenne County,KS,Kansas,-102.051744,39.568180,-101.411043,40.003162
county,20025,Clark,Clark County,KS,Kansas,-100.107422,36.999528,-99.541116,37.474836
county,20027,Clay,Clay County,KS,Kansas,-97.371154,39.131961,-96.958719,39.567018
county,20029,Cloud,Cloud County,KS,Kansas,-97.931957,39.306011,-97.368387,39.654043
county,20031,Coffey,Coffey County,KS,Kansas,-95.959046,38.038007,-95.507474,38.434532
county,20033,Comanche,Comanche County,KS,Kansas,-99.544740,36.999221,-99.000303,37.384296
county,20035,Cowley,Cowley County,KS,Kansas,-97.153331,36.998712,-96.524873,37.476643
county,20037,Crawford,Crawford County,KS,Kansas,-95.088504,37.338254,-94.616789,37.674905
county,20039,Decatur,Decatur County,KS,Kansas,-100.741099,39.566890,-100.177795,40.002270
county,20041,Dickinson,Dickinson County,KS,Kansas,-97.381209,38.608974,-96.890052,39.133513
county,20043,Doniphan,Doniphan County,KS,Kansas,-95.339943,39.615063,-94.859443,39.999999
county,20045,Douglas,Douglas County,KS,Kansas,-95.501861,38.738265,-95.055944,39.069783
county,20047,Edwards,Edwards County,KS,Kansas,-99.570576,37.732970,-99.013312,38.088159
county,20049,Elk,Elk County,KS,Kansas,-96.526327,37.299232,-95.961002,37.607261
county,20051,Ellis,Ellis County,KS,Kansas,-99.598323,38.696514,-99.037500,39.133238
county,20053,Ellsworth,Ellsworth County,KS,Kansas,-98.486108,38.521625,-97.924269,38.871548
county,20055,Finney,Finney County,KS,Kansas,-101.103778,37.736275,-100.225031,38.265198
county,20057,Ford,Ford County,KS,Kansas,-100.227416,37.467102,-99.556119,37.914018
county,20059,Franklin,Franklin County,KS,Kansas,-95.509014,38.389499,-95.056406,38.738879
county,20061,Geary,Geary County,KS,Kansas,-96.963571,38.869704,-96.500962,39.220156
county,20063,Gove,Gove County,KS,Kansas,-100.818795,38.697341,-100.147940,39.133381
county,20065,Graham,Graham County,KS,Kansas,-100.164200,39.131676,-99.601623,39.567437
county,20067,Grant,Grant County,KS,Kansas,-101.527063,37.387719,-101.089406,37.736476
county,20069,Gray,Gray County,KS,Kansas,-100.665172,37.474608,-100.214637,38.002530
county,20071,Greeley,Greeley County,KS,Kansas,-102.045324,38.262412,-101.567094,38.699669
county,20073,Greenwood,Greenwood County,KS,Kansas,-96.525955,37.603761,-95.958134,38.172885
county,20075,Hamilton,Hamilton County,KS,Kansas,-102.044644,37.736235,-101.526964,38.263207
county,20077,Harper,Harper County,KS,Kansas,-98.349804,36.997824,-97.801984,37.386298
county,20079,Harvey,Harvey County,KS,Kansas,-97.702164,37.911325,-97.152476,38.175081
county,20081,Haskell,Haskell County,KS,Kansas,-101.090227,37.387149,-100.652251,37.736780
county,20083,Hodgeman,Hodgeman County,KS,Kansas,-100.227137,37.912717,-99.569531,38.262237
county,20085,Jackson,Jackson County,KS,Kansas,-96.036181,39.216081,-95.564126,39.653178
county,20087,Jefferson,Jefferson County,KS,Kansas,-95.598348,39.031552,-95.179880,39.420919
county,20089,Jewell,Jewell County,KS,Kansas,-98.505266,39.566921,-97.931482,40.002614
county,20091,Johnson,Johnson County,KS,Kansas,-95.056452,38.738102,-94.607517,39.061353
county,20093,Kearny,Kearny County,KS,Kansas,-101.542757,37.736252,-101.089667,38.264557
county,20095,Kingman,Kingman County,KS,Kansas,-98.464971,37.383953,-97.806717,37.733884
county,20097,Kiowa,Kiowa County,KS,Kansas,-99.559652,37.381051,-99.011499,37.734925
county,20099,Labette,Labette County,KS,Kansas,-95.522727,36.999235,-95.073509,37.384327
county,20101,Lane,Lane County,KS,Kansas,-100.688006,38.262134,-100.244393,38.700214
county,20103,Leavenworth,Leavenworth County,KS,Kansas,-95.187963,38.953836,-94.775538,39.419218
county,20105,Lincoln,Lincoln County,KS,Kansas,-98.490149,38.870407,-97.928326,39.219780
county,20107,Linn,Linn County,KS,Kansas,-95.077876,38.037057,-94.612614,38.389945
county,20109,Logan,Logan County,KS,Kansas,-101.484383,38.699124,-100.811628,39.135447
county,20111,Lyon,Lyon County,KS,Kansas,-96.357277,38.170939,-95.945661,38.739228
county,20113,McPherson,McPherson County,KS,Kansas,-97.925200,38.173517,-97.371617,38.610094
county,20115,Marion,Marion County,KS,Kansas,-97.371932,38.085622,-96.819475,38.609560
county,20117,Marshall,Marshall County,KS,Kansas,-96.806660,39.565957,-96.238969,40.001371
county,20119,Meade,Meade County,KS,Kansas,-100.652728,36.999936,-100.089484,37.475391
county,20121,Miami,Miami County,KS,Kansas,-95.065945,38.388718,-94.609509,38.738593
county,20123,Mitchell,Mitchell County,KS,Kansas,-98.490149,39.218777,-97.928462,39.567518
county,20125,Montgomery,Montgomery County,KS,Kansas,-95.964735,36.999094,-95.517976,37.386668
county,20127,Morris,Morris County,KS,Kansas,-96.933924,38.521559,-96.352610,38.870332
county,20129,Morton,Morton County,KS,Kansas,-102.042135,36.993016,-101.555260,37.389190
county,20131,Nemaha,Nemaha County,KS,Kansas,-96.239705,39.565938,-95.788111,40.000729
county,20133,Neosho,Neosho County,KS,Kansas,-95.525999,37.383837,-95.087685,37.734184
county,20135,Ness,Ness County,KS,Kansas,-100.248558,38.261455,-99.584207,38.698165
county,20137,Norton,Norton County,KS,Kansas,-100.180419,39.566823,-99.625324,40.001866
county,20139,Osage,Osage County,KS,Kansas,-95.950282,38.433544,-95.500453,38.870054
county,20141,Osborne,Osborne County,KS,Kansas,-99.048640,39.132697,-98.487384,39.568035
county,20143,Ottawa,Ottawa County,KS,Kansas,-97.931614,38.957852,-97.369839,39.306693
county,20145,Pawnee,Pawnee County,KS,Kansas,-99.584794,37.999821,-98.912371,38.350652
county,20147,Phillips,Phillips County,KS,Kansas,-99.628110,39.567222,-99.066193,40.002270
county,20149,Pottawatomie,Pottawatomie County,KS,Kansas,-96.727743,39.126527,-96.034623,39.566332
county,20151,Pratt,Pratt County,KS,Kansas,-99.015348,37.470037,-98.464663,37.825385
county,20153,Rawlins,Rawlins County,KS,Kansas,-101.413913,39.567726,-100.738826,40.002696
county,20155,Reno,Reno County,KS,Kansas,-98.472794,37.732512,-97.698692,38.173918
county,20157,Republic,Republic County,KS,Kansas,-97.933417,39.653360,-97.368506,40.002167
county,20159,Rice,Rice County,KS,Kansas,-98.480649,38.158750,-97.922136,38.522755
county,20161,Riley,Riley County,KS,Kansas,-96.961693,39.043257,-96.389046,39.566500
county,20163,Rooks,Rooks County,KS,Kansas,-99.605478,39.132357,-99.044128,39.568125
county,20165,Rush,Rush County,KS,Kansas,-99.586440,38.348334,-99.032408,38.697047
county,20167,Russell,Russell County,KS,Kansas,-99.042626,38.696699,-98.483748,39.133510
county,20169,Saline,Saline County,KS,Kansas,-97.928592,38.608931,-97.371614,38.958395
county,20171,Scott,Scott County,KS,Kansas,-101.128379,38.264137,-100.684500,38.700603
county,20173,Sedgwick,Sedgwick County,KS,Kansas,-97.808348,37.474184,-97.152145,37.912733
county,20175,Seward,Seward County,KS,Kansas,-101.068106,36.997922,-100.633327,37.387818
county,20177,Shawnee,Shawnee County,KS,Kansas,-96.039060,38.868892,-95.500246,39.216958
county,20179,Sheridan,Sheridan County,KS,Kansas,-100.721467,39.132031,-100.161667,39.568034
county,20181,Sherman,Sherman County,KS,Kansas,-102.049764,39.133147,-101.389068,39.568466
county,20183,Smith,Smith County,KS,Kansas,-99.067113,39.567429,-98.503975,40.002548
county,20185,Stafford,Stafford County,KS,Kansas,-99.022627,37.824306,-98.471941,38.261116
county,20187,Stanton,Stanton County,KS,Kansas,-102.042016,37.388392,-101.525810,37.738541
county,20189,Stevens,Stevens County,KS,Kansas,-101.556764,36.995414,-101.066451,37.388797
county,20191,Sumner,Sumner County,KS,Kansas,-97.807600,36.998682,-97.147721,37.477274
county,20193,Thomas,Thomas County,KS,Kansas,-101.391761,39.133045,-100.720008,39.568670
county,20195,Trego,Trego County,KS,Kansas,-100.153823,38.696266,-99.591776,39.132481
county,20197,Wabaunsee,Wabaunsee County,KS,Kansas,-96.501680,38.738884,-95.945924,39.212279
county,20199,Wallace,Wallace County,KS,Kansas,-102.047189,38.697567,-101.478195,39.134761
county,20201,Washington,Washington County,KS,Kansas,-97.369226,39.566368,-96.805768,40.002060
county,20203,Wichita,Wichita County,KS,Kansas,-101.567482,38.263145,-101.125438,38.701576
county,20205,Wilson,Wilson County,KS,Kansas,-95.962596,37.383946,-95.524965,37.734463
county,20207,Woodson,Woodson County,KS,Kansas,-95.961408,37.732759,-95.518970,38.040195
county,20209,Wyandotte,Wyandotte County,KS,Kansas,-94.908840,38.991401,-94.588413,39.202911
county,21001,Adair,Adair County,KY,Kentucky,-85.526881,36.925069,-85.043316,37.312262
county,21003,Allen,Allen County,KY,Kentucky,-86.419001,36.628520,-85.949403,36.935624
county,21005,Anderson,Anderson County,KY,Kentucky,-85.170043,37.884470,-84.796327,38.129607
county,21007,Ballard,Ballard County,KY,Kentucky,-89.182509,36.915486,-88.815952,37.229708
county,21009,Barren,Barren County,KY,Kentucky,-86.176212,36.722722,-85.739255,37.169813
county,21011,Bath,Bath County,KY,Kentucky,-83.980280,37.992542,-83.462805,38.302696
county,21013,Bell,Bell County,KY,Kentucky,-83.957274,36.582581,-83.459459,36.955786
county,21015,Boone,Boone County,KY,Kentucky,-84.896911,38.777293,-84.597932,39.147458
county,21017,Bourbon,Bourbon County,KY,Kentucky,-84.442661,38.067028,-83.969281,38.371750
county,21019,Boyd,Boyd County,KY,Kentucky,-82.817702,38.234685,-82.571756,38.505737
county,21021,Boyle,Boyle County,KY,Kentucky,-85.039674,37.532113,-84.651827,37.717249
county,21023,Bracken,Bracken County,KY,Kentucky,-84.235962,38.549838,-83.903917,38.827404
county,21025,Breathitt,Breathitt County,KY,Kentucky,-83.580204,37.330045,-82.948544,37.699988
county,21027,Breckinridge,Breckinridge County,KY,Kentucky,-86.677868,37.558637,-86.151285,38.045757
county,21029,Bullitt,Bullitt County,KY,Kentucky,-85.938321,37.805879,-85.428830,38.118383
county,21031,Butler,Butler County,KY,Kentucky,-86.944858,36.999766,-86.399165,37.395123
county,21033,Caldwell,Caldwell County,KY,Kentucky,-88.095781,36.950714,-87.680141,37.379445
county,21035,Calloway,Calloway County,KY,Kentucky,-88.489075,36.497129,-88.032489,36.750700
county,21037,Campbell,Campbell County,KY,Kentucky,-84.506082,38.805792,-84.231913,39.121760
county,21039,Carlisle,Carlisle County,KY,Kentucky,-89.179229,36.771564,-88.812897,36.954736
county,21041,Carroll,Carroll County,KY,Kentucky,-85.333091,38.580216,-84.934410,38.762103
county,21043,Carter,Carter County,KY,Kentucky,-83.341347,38.168334,-82.771737,38.504595
county,21045,Casey,Casey County,KY,Kentucky,-85.165174,37.102271,-84.706122,37.551266
county,21047,Christian,Christian County,KY,Kentucky,-87.733368,36.637071,-87.259371,37.159311
county,21049,Clark,Clark County,KY,Kentucky,-84.349026,37.821798,-83.966310,38.115118
county,21051,Clay,Clay County,KY,Kentucky,-83.969571,36.937404,-83.505113,37.358105
county,21053,Clinton,Clinton County,KY,Kentucky,-85.295949,36.615552,-84.974875,36.888018
county,21055,Crittenden,Crittenden County,KY,Kentucky,-88.358505,37.126115,-87.800561,37.547222
county,21057,Cumberland,Cumberland County,KY,Kentucky,-85.601624,36.618523,-85.215405,36.938138
county,21059,Daviess,Daviess County,KY,Kentucky,-87.408547,37.560803,-86.817100,37.930231
county,21061,Edmonson,Edmonson County,KY,Kentucky,-86.469126,37.053285,-86.049133,37.340647
county,21063,Elliott,Elliott County,KY,Kentucky,-83.270846,37.996460,-82.888859,38.266963
county,21065,Estill,Estill County,KY,Kentucky,-84.126948,37.542856,-83.721658,37.853066
county,21067,Fayette,Fayette County,KY,Kentucky,-84.660135,37.845302,-84.282629,38.211357
county,21069,Fleming,Fleming County,KY,Kentucky,-83.984282,38.170963,-83.452848,38.525381
county,21071,Floyd,Floyd County,KY,Kentucky,-82.945873,37.285323,-82.563561,37.756227
county,21073,Franklin,Franklin County,KY,Kentucky,-85.024264,38.093437,-84.725168,38.374836
county,21075,Fulton,Fulton County,KY,Kentucky,-89.571509,36.497491,-88.834866,36.650473
county,21077,Gallatin,Gallatin County,KY,Kentucky,-85.023425,38.662130,-84.660107,38.859360
county,21079,Garrard,Garrard County,KY,Kentucky,-84.745436,37.472663,-84.347805,37.830230
county,21081,Grant,Grant County,KY,Kentucky,-84.785788,38.473039,-84.476299,38.803515
county,21083,Graves,Graves County,KY,Kentucky,-88.819595,36.501068,-88.484103,36.946864
county,21085,Grayson,Grayson County,KY,Kentucky,-86.668979,37.321099,-86.019089,37.623028
county,21087,Green,Green County,KY,Kentucky,-85.697325,37.109450,-85.352771,37.471681
county,21089,Greenup,Greenup County,KY,Kentucky,-83.167673,38.373935,-82.665481,38.756576
county,21091,Hancock,Hancock County,KY,Kentucky,-86.987136,37.655008,-86.622316,37.999392
county,21093,Hardin,Hardin County,KY,Kentucky,-86.277558,37.440308,-85.676072,38.005085
county,21095,Harlan,Harlan County,KY,Kentucky,-83.511729,36.664785,-82.855705,37.021202
county,21097,Harrison,Harrison County,KY,Kentucky,-84.557375,38.277879,-84.102100,38.582039
county,21099,Hart,Hart County,KY,Kentucky,-86.161548,37.148392,-85.650809,37.449933
county,21101,Henderson,Henderson County,KY,Kentucky,-87.927094,37.638376,-87.271162,37.975472
county,21103,Henry,Henry County,KY,Kentucky,-85.346080,38.335586,-84.866981,38.596838
county,21105,Hickman,Hickman County,KY,Kentucky,-89.201047,36.502815,-88.813229,36.797285
county,21107,Hopkins,Hopkins County,KY,Kentucky,-87.851728,37.105344,-87.295376,37.569988
county,21109,Jackson,Jackson County,KY,Kentucky,-84.205306,37.250551,-83.782029,37.581421
county,21111,Jefferson,Jefferson County,KY,Kentucky,-85.947114,37.997217,-85.404899,38.380246
county,21113,Jessamine,Jessamine County,KY,Kentucky,-84.724676,37.728644,-84.434398,38.003745
county,21115,Johnson,Johnson County,KY,Kentucky,-83.004649,37.703200,-82.612393,38.000431
county,21117,Kenton,Kenton County,KY,Kentucky,-84.623485,38.790093,-84.417457,39.099660
county,21119,Knott,Knott County,KY,Kentucky,-83.134711,37.172420,-82.710629,37.526349
county,21121,Knox,Knox County,KY,Kentucky,-84.094634,36.687259,-83.566142,37.054919
county,21123,Larue,Larue County,KY,Kentucky,-85.894618,37.421996,-85.466250,37.732284
county,21125,Laurel,Laurel County,KY,Kentucky,-84.368864,36.939369,-83.862526,37.335749
county,21127,Lawrence,Lawrence County,KY,Kentucky,-83.025222,37.879272,-82.464067,38.268939
county,21129,Lee,Lee County,KY,Kentucky,-83.905570,37.486821,-83.522308,37.720135
county,21131,Leslie,Leslie County,KY,Kentucky,-83.553101,36.883167,-83.164640,37.320564
county,21133,Letcher,Letcher County,KY,Kentucky,-83.153812,36.954163,-82.565375,37.273293
county,21135,Lewis,Lewis County,KY,Kentucky,-83.645125,38.318258,-83.023961,38.725568
county,21137,Lincoln,Lincoln County,KY,Kentucky,-84.860130,37.238328,-84.446719,37.640313
county,21139,Livingston,Livingston County,KY,Kentucky,-88.566475,36.981911,-88.187289,37.425216
county,21141,Logan,Logan County,KY,Kentucky,-87.060846,36.643217,-86.611586,37.073588
county,21143,Lyon,Lyon County,KY,Kentucky,-88.240371,36.867183,-87.876996,37.179684
county,21145,McCracken,McCracken County,KY,Kentucky,-88.934370,36.942096,-88.482957,37.227719
county,21147,McCreary,McCreary County,KY,Kentucky,-84.778456,36.591882,-84.226827,36.962854
county,21149,McLean,McLean County,KY,Kentucky,-87.499924,37.380453,-87.038260,37.683563
county,21151,Madison,Madison County,KY,Kentucky,-84.525643,37.515568,-84.073908,37.917546
county,21153,Magoffin,Magoffin County,KY,Kentucky,-83.270640,37.486525,-82.878723,37.894675
county,21155,Marion,Marion County,KY,Kentucky,-85.521290,37.412246,-85.030172,37.730658
county,21157,Marshall,Marshall County,KY,Kentucky,-88.485697,36.746290,-88.110831,37.063992
county,21159,Martin,Martin County,KY,Kentucky,-82.674443,37.668686,-82.310777,37.962786
county,21161,Mason,Mason County,KY,Kentucky,-83.991605,38.456348,-83.624596,38.768152
county,21163,Meade,Meade County,KY,Kentucky,-86.490769,37.798878,-85.975948,38.198807
county,21165,Menifee,Menifee County,KY,Kentucky,-83.777170,37.818343,-83.433942,38.058883
county,21167,Mercer,Mercer County,KY,Kentucky,-85.030980,37.678854,-84.688331,37.970088
county,21169,Metcalfe,Metcalfe County,KY,Kentucky,-85.776962,36.818039,-85.441755,37.182427
county,21171,Monroe,Monroe County,KY,Kentucky,-85.977442,36.614994,-85.436433,36.842100
county,21173,Montgomery,Montgomery County,KY,Kentucky,-84.080527,37.900227,-83.755706,38.192118
county,21175,Morgan,Morgan County,KY,Kentucky,-83.506406,37.712657,-82.960896,38.115386
county,21177,Muhlenberg,Muhlenberg County,KY,Kentucky,-87.388826,37.040557,-86.881254,37.416042
county,21179,Nelson,Nelson County,KY,Kentucky,-85.742570,37.523048,-85.150549,37.990654
county,21181,Nicholas,Nicholas County,KY,Kentucky,-84.194050,38.192118,-83.833513,38.460612
county,21183,Ohio,Ohio County,KY,Kentucky,-87.137416,37.212313,-86.576691,37.737754
county,21185,Oldham,Oldham County,KY,Kentucky,-85.637864,38.285309,-85.283082,38.524682
county,21187,Owen,Owen County,KY,Kentucky,-85.076118,38.338505,-84.580539,38.724643
county,21189,Owsley,Owsley County,KY,Kentucky,-83.888204,37.255673,-83.521254,37.541371
county,21191,Pendleton,Pendleton County,KY,Kentucky,-84.532288,38.529654,-84.195534,38.874830
county,21193,Perry,Perry County,KY,Kentucky,-83.553942,36.991845,-83.000142,37.443538
county,21195,Pike,Pike County,KY,Kentucky,-82.732693,37.196092,-81.964971,37.745068
county,21197,Powell,Powell County,KY,Kentucky,-84.027370,37.716293,-83.631060,37.933765
county,21199,Pulaski,Pulaski County,KY,Kentucky,-84.906983,36.867133,-84.278585,37.355729
county,21201,Robertson,Robertson County,KY,Kentucky,-84.183903,38.422286,-83.930348,38.608594
county,21203,Rockcastle,Rockcastle County,KY,Kentucky,-84.502932,37.151740,-84.129130,37.539876
county,21205,Rowan,Rowan County,KY,Kentucky,-83.635195,38.016975,-83.199026,38.396278
county,21207,Russell,Russell County,KY,Kentucky,-85.274950,36.827334,-84.835712,37.186028
county,21209,Scott,Scott County,KY,Kentucky,-84.740594,38.110878,-84.401847,38.492917
county,21211,Shelby,Shelby County,KY,Kentucky,-85.468206,38.036753,-84.956959,38.358054
county,21213,Simpson,Simpson County,KY,Kentucky,-86.763295,36.633472,-86.400518,36.883057
county,21215,Spencer,Spencer County,KY,Kentucky,-85.516882,37.939838,-85.101646,38.147438
county,21217,Taylor,Taylor County,KY,Kentucky,-85.586992,37.192432,-85.073772,37.482951
county,21219,Todd,Todd County,KY,Kentucky,-87.335980,36.641543,-87.050160,37.075715
county,21221,Trigg,Trigg County,KY,Kentucky,-88.157347,36.633247,-87.659724,37.002103
county,21223,Trimble,Trimble County,KY,Kentucky,-85.456755,38.492592,-85.168270,38.737135
county,21225,Union,Union County,KY,Kentucky,-88.160187,37.469880,-87.734545,37.901704
county,21227,Warren,Warren County,KY,Kentucky,-86.674462,36.776187,-86.113512,37.190708
county,21229,Washington,Washington County,KY,Kentucky,-85.401784,37.630908,-85.000520,37.917167
county,21231,Wayne,Wayne County,KY,Kentucky,-85.064307,36.603209,-84.572558,36.997612
county,21233,Webster,Webster County,KY,Kentucky,-87.943955,37.350645,-87.375145,37.647547
county,21235,Whitley,Whitley County,KY,Kentucky,-84.355850,36.587694,-83.877503,36.972864
county,21237,Wolfe,Wolfe County,KY,Kentucky,-83.707974,37.619104,-83.242808,37.861906
county,21239,Woodford,Woodford County,KY,Kentucky,-84.866003,37.847020,-84.625079,38.195426
county,22001,Acadia,Acadia Parish,LA,Louisiana,-92.632291,30.049126,-92.141509,30.481182
county,22003,Allen,Allen Parish,LA,Louisiana,-93.131188,30.423591,-92.582741,30.899276
county,22005,Ascension,Ascension Parish,LA,Louisiana,-91.106559,30.062749,-90.631905,30.346880
county,22007,Assumption,Assumption Parish,LA,Louisiana,-91.259878,29.626814,-90.885452,30.081744
county,22009,Avoyelles,Avoyelles Parish,LA,Louisiana,-92.280738,30.847968,-91.677302,31.343811
county,22011,Beauregard,Beauregard Parish,LA,Louisiana,-93.741679,30.402547,-92.976749,30.883615
county,22013,Bienville,Bienville Parish,LA,Louisiana,-93.428745,32.147413,-92.773173,32.585265
county,22015,Bossier,Bossier Parish,LA,Louisiana,-93.845224,32.235148,-93.372722,33.019457
county,22017,Caddo,Caddo Parish,LA,Louisiana,-94.043147,32.195625,-93.461792,33.019372
county,22019,Calcasieu,Calcasieu Parish,LA,Louisiana,-93.765822,30.038370,-92.887529,30.490523
county,22021,Caldwell,Caldwell Parish,LA,Louisiana,-92.312518,31.927383,-91.867603,32.277348
county,22023,Cameron,Cameron Parish,LA,Louisiana,-93.929208,29.585846,-92.614600,30.052709
county,22025,Catahoula,Catahoula Parish,LA,Louisiana,-92.023515,31.221083,-91.535305,31.971690
county,22027,Claiborne,Claiborne Parish,LA,Louisiana,-93.238647,32.584807,-92.724743,33.018393
county,22029,Concordia,Concordia Parish,LA,Louisiana,-91.867422,30.970362,-91.377992,31.762086
county,22031,De Soto,De Soto Parish,LA,Louisiana,-94.042752,31.843632,-93.353234,32.345646
county,22033,East Baton Rouge,East Baton Rouge Parish,LA,Louisiana,-91.316547,30.312469,-90.844181,30.719458
county,22035,East Carroll,East Carroll Parish,LA,Louisiana,-91.457614,32.537593,-91.002962,33.005084
county,22037,East Feliciana,East Feliciana Parish,LA,Louisiana,-91.320706,30.649548,-90.825829,30.999630
county,22039,Evangeline,Evangeline Parish,LA,Louisiana,-92.633839,30.480478,-92.172314,31.001560
county,22041,Franklin,Franklin Parish,LA,Louisiana,-91.933189,31.871896,-91.450571,32.405768
county,22043,Grant,Grant Parish,LA,Louisiana,-92.973529,31.388045,-92.196131,31.797369
county,22045,Iberia,Iberia Parish,LA,Louisiana,-92.031850,29.473925,-91.221729,30.122413
county,22047,Iberville,Iberville Parish,LA,Louisiana,-91.701339,30.025560,-91.019324,30.497747
county,22049,Jackson,Jackson Parish,LA,Louisiana,-92.822191,32.145980,-92.311937,32.496408
county,22051,Jefferson,Jefferson Parish,LA,Louisiana,-90.280296,29.166944,-89.906586,30.189613
county,22053,Jefferson Davis,Jefferson Davis Parish,LA,Louisiana,-93.131224,30.037455,-92.583209,30.488390
county,22055,Lafayette,Lafayette Parish,LA,Louisiana,-92.284675,30.036986,-91.905544,30.381559
county,22057,Lafourche,Lafourche Parish,LA,Louisiana,-91.006890,29.065252,-90.012939,29.922007
county,22059,LaSalle,LaSalle Parish,LA,Louisiana,-92.384441,31.323091,-92.005624,31.927934
county,22061,Lincoln,Lincoln Parish,LA,Louisiana,-92.880926,32.452970,-92.415129,32.759977
county,22063,Livingston,Livingston Parish,LA,Louisiana,-90.991475,30.175163,-90.473680,30.650015
county,22065,Madison,Madison Parish,LA,Louisiana,-91.557283,32.120353,-90.875631,32.562540
county,22067,Morehouse,Morehouse Parish,LA,Louisiana,-92.085617,32.505774,-91.432694,33.008162
county,22069,Natchitoches,Natchitoches Parish,LA,Louisiana,-93.441689,31.346751,-92.716190,32.148509
county,22071,Orleans,Orleans Parish,LA,Louisiana,-90.140074,29.866661,-89.625522,30.198660
county,22073,Ouachita,Ouachita Parish,LA,Louisiana,-92.415577,32.258730,-91.903280,32.723003
county,22075,Plaquemines,Plaquemines Parish,LA,Louisiana,-90.075683,28.928609,-89.003869,29.905004
county,22077,Pointe Coupee,Pointe Coupee Parish,LA,Louisiana,-91.823072,30.482590,-91.309752,31.020012
county,22079,Rapides,Rapides Parish,LA,Louisiana,-92.981460,30.891362,-92.072390,31.517476
county,22081,Red River,Red River Parish,LA,Louisiana,-93.614690,31.887074,-93.121188,32.237526
county,22083,Richland,Richland Parish,LA,Louisiana,-92.034473,32.151550,-91.430908,32.667322
county,22085,Sabine,Sabine Parish,LA,Louisiana,-93.879639,31.165581,-93.236444,31.845832
county,22087,St. Bernard,St. Bernard Parish,LA,Louisiana,-90.012102,29.634022,-88.817017,30.161760
county,22089,St. Charles,St. Charles Parish,LA,Louisiana,-90.549740,29.692028,-90.167274,30.163410
county,22091,St. Helena,St. Helena Parish,LA,Louisiana,-90.912240,30.649385,-90.565821,30.999733
county,22093,St. James,St. James Parish,LA,Louisiana,-90.963745,29.889246,-90.642111,30.166448
county,22095,St. John the Baptist,St. John the Baptist Parish,LA,Louisiana,-90.688850,29.883094,-90.154034,30.298985
county,22097,St. Landry,St. Landry Parish,LA,Louisiana,-92.493259,30.298817,-91.678896,30.849964
county,22099,St. Martin,St. Martin Parish,LA,Louisiana,-91.988718,29.699402,-91.089465,30.498133
county,22101,St. Mary,St. Mary Parish,LA,Louisiana,-91.880999,29.477801,-91.082611,29.956304
county,22103,St. Tammany,St. Tammany Parish,LA,Louisiana,-90.257410,30.149891,-89.528092,30.712444
county,22105,Tangipahoa,Tangipahoa Parish,LA,Louisiana,-90.567198,30.234337,-90.160636,31.000359
county,22107,Tensas,Tensas Parish,LA,Louisiana,-91.580017,31.733242,-91.030507,32.249667
county,22109,Terrebonne,Terrebonne Parish,LA,Louisiana,-91.339768,29.044923,-90.376573,29.777926
county,22111,Union,Union Parish,LA,Louisiana,-92.734057,32.580899,-92.052075,33.014398
county,22113,Vermilion,Vermilion Parish,LA,Louisiana,-92.737217,29.531497,-91.967868,30.149422
county,22115,Vernon,Vernon Parish,LA,Louisiana,-93.578207,30.859362,-92.823870,31.364491
county,22117,Washington,Washington Parish,LA,Louisiana,-90.347304,30.665057,-89.727072,31.004831
county,22119,Webster,Webster Parish,LA,Louisiana,-93.530714,32.409926,-93.146446,33.018616
county,22121,West Baton Rouge,West Baton Rouge Parish,LA,Louisiana,-91.485155,30.322472,-91.142105,30.658677
county,22123,West Carroll,West Carroll Parish,LA,Louisiana,-91.638883,32.581956,-91.261565,33.006099
county,22125,West Feliciana,West Feliciana Parish,LA,Louisiana,-91.750119,30.653961,-91.176140,31.044794
county,22127,Winn,Winn Parish,LA,Louisiana,-92.976035,31.708528,-92.311937,32.147920
county,23001,Androscoggin,Androscoggin County,ME,Maine,-70.485288,43.906710,-69.993792,44.487217
county,23003,Aroostook,Aroostook County,ME,Maine,-70.023361,45.572848,-67.750422,47.459686
county,23005,Cumberland,Cumberland County,ME,Maine,-70.866583,43.526964,-69.857032,44.171036
county,23007,Franklin,Franklin County,ME,Maine,-70.835536,44.458942,-69.927661,45.667828
county,23009,Hancock,Hancock County,ME,Maine,-68.863051,44.096567,-67.958772,45.252577
county,23011,Kennebec,Kennebec County,ME,Maine,-70.132595,44.107662,-69.372419,44.720271
county,23013,Knox,Knox County,ME,Maine,-69.451251,43.820242,-68.553922,44.364653
county,23015,Lincoln,Lincoln County,ME,Maine,-69.813549,43.751084,-69.282027,44.342870
county,23017,Oxford,Oxford County,ME,Maine,-71.083924,43.785053,-70.238904,45.347250
county,23019,Penobscot,Penobscot County,ME,Maine,-69.355667,44.644023,-67.939760,46.395782
county,23021,Piscataquis,Piscataquis County,ME,Maine,-69.833105,45.010956,-68.776061,46.574053
county,23023,Sagadahoc,Sagadahoc County,ME,Maine,-70.051824,43.699735,-69.700152,44.167862
county,23025,Somerset,Somerset County,ME,Maine,-70.552831,44.577264,-69.266785,46.574053
county,23027,Waldo,Waldo County,ME,Maine,-69.506382,44.171429,-68.798272,44.754588
county,23029,Washington,Washington County,ME,Maine,-68.105017,44.366273,-66.949895,45.689012
county,23031,York,York County,ME,Maine,-70.989037,42.977764,-70.327303,43.814254
county,24001,Allegany,Allegany County,MD,Maryland,-79.067559,39.438455,-78.313325,39.723043
county,24003,Anne Arundel,Anne Arundel County,MD,Maryland,-76.840362,38.712744,-76.394498,39.237398
county,24005,Baltimore,Baltimore County,MD,Maryland,-76.895560,39.195408,-76.321427,39.721203
county,24009,Calvert,Calvert County,MD,Maryland,-76.701960,38.316527,-76.381482,38.769275
county,24011,Caroline,Caroline County,MD,Maryland,-76.015045,38.635358,-75.707356,39.143345
county,24013,Carroll,Carroll County,MD,Maryland,-77.311355,39.348656,-76.787097,39.720802
county,24015,Cecil,Cecil County,MD,Maryland,-76.233259,39.360843,-75.766693,39.722199
county,24017,Charles,Charles County,MD,Maryland,-77.274220,38.254491,-76.662514,38.706028
county,24019,Dorchester,Dorchester County,MD,Maryland,-76.333549,38.115116,-75.701565,38.704185
county,24021,Frederick,Frederick County,MD,Maryland,-77.677164,39.220336,-77.106839,39.720018
county,24023,Garrett,Garrett County,MD,Maryland,-79.487651,39.202107,-78.928419,39.722883
county,24025,Harford,Harford County,MD,Maryland,-76.569449,39.274555,-76.060025,39.721305
county,24027,Howard,Howard County,MD,Maryland,-77.187113,39.103142,-76.696774,39.369323
county,24029,Kent,Kent County,MD,Maryland,-76.277367,39.008625,-75.755962,39.382549
county,24031,Montgomery,Montgomery County,MD,Maryland,-77.527282,38.934343,-76.888505,39.353502
county,24033,Prince George's,Prince George's County,MD,Maryland,-77.086265,38.535372,-76.669515,39.131292
county,24035,Queen Anne's,Queen Anne's County,MD,Maryland,-76.376202,38.836125,-75.747671,39.261820
county,24037,St. Mary's,St. Mary's County,MD,Maryland,-76.874354,38.037902,-76.320136,38.513733
county,24039,Somerset,Somerset County,MD,Maryland,-76.056066,37.911717,-75.539633,38.298845
county,24041,Talbot,Talbot County,MD,Maryland,-76.390694,38.572344,-75.896316,38.945102
county,24043,Washington,Washington County,MD,Maryland,-78.363458,39.318450,-77.469145,39.722689
county,24045,Wicomico,Wicomico County,MD,Maryland,-75.920335,38.227560,-75.307011,38.560736
county,24047,Worcester,Worcester County,MD,Maryland,-75.661827,37.994206,-75.048939,38.451970
county,24510,Baltimore,Baltimore city,MD,Maryland,-76.711519,39.197207,-76.529453,39.372205
county,25001,Barnstable,Barnstable County,MA,Massachusetts,-70.687785,41.514779,-69.928393,42.082337
county,25003,Berkshire,Berkshire County,MA,Massachusetts,-73.508142,42.039862,-72.948703,42.745940
county,25005,Bristol,Bristol County,MA,Massachusetts,-71.381700,41.481105,-70.818440,42.095539
county,25007,Dukes,Dukes County,MA,Massachusetts,-70.950950,41.249068,-70.446233,41.521779
county,25009,Essex,Essex County,MA,Massachusetts,-71.256188,42.416197,-70.573377,42.886589
county,25011,Franklin,Franklin County,MA,Massachusetts,-73.023709,42.303283,-72.224932,42.741135
county,25013,Hampden,Hampden County,MA,Massachusetts,-73.075052,41.997595,-72.135011,42.343860
county,25015,Hampshire,Hampshire County,MA,Massachusetts,-73.068508,42.183390,-72.203281,42.556037
county,25017,Middlesex,Middlesex County,MA,Massachusetts,-71.898770,42.156782,-71.020377,42.736638
county,25019,Nantucket,Nantucket County,MA,Massachusetts,-70.309245,41.237964,-69.960181,41.391702
county,25021,Norfolk,Norfolk County,MA,Massachusetts,-71.503078,41.985084,-70.781462,42.351861
county,25023,Plymouth,Plymouth County,MA,Massachusetts,-71.080483,41.623432,-70.525567,42.343892
county,25025,Suffolk,Suffolk County,MA,Massachusetts,-71.191247,42.227911,-70.922598,42.450118
county,25027,Worcester,Worcester County,MA,Massachusetts,-72.315819,42.008065,-71.478027,42.721559
county,26001,Alcona,Alcona County,MI,Michigan,-83.888539,44.508976,-83.270288,44.859539
county,26003,Alger,Alger County,MI,Michigan,-87.116634,46.158562,-85.864549,46.690914
county,26005,Allegan,Allegan County,MI,Michigan,-86.273763,42.418890,-85.543021,42.768937
county,26007,Alpena,Alpena County,MI,Michigan,-83.890439,44.856458,-83.192673,45.207123
county,26009,Antrim,Antrim County,MI,Michigan,-85.443110,44.812372,-84.847309,45.207766
county,26011,Arenac,Arenac County,MI,Michigan,-84.166576,43.910480,-83.427265,44.163519
county,26013,Baraga,Baraga County,MI,Michigan,-88.679392,46.419926,-87.991289,46.967003
county,26015,Barry,Barry County,MI,Michigan,-85.545564,42.419728,-85.071609,42.770784
county,26017,Bay,Bay County,MI,Michigan,-84.168127,43.478957,-83.698816,43.996974
county,26019,Benzie,Benzie County,MI,Michigan,-86.259029,44.512969,-85.815109,44.778590
county,26021,Berrien,Berrien County,MI,Michigan,-86.824828,41.759447,-86.222821,42.243541
county,26023,Branch,Branch County,MI,Michigan,-85.293626,41.759366,-84.825069,42.072868
county,26025,Calhoun,Calhoun County,MI,Michigan,-85.299550,42.070366,-84.709556,42.422182
county,26027,Cass,Cass County,MI,Michigan,-86.226097,41.759051,-85.760117,42.071484
county,26029,Charlevoix,Charlevoix County,MI,Michigan,-85.844023,45.114903,-84.732687,45.840840
county,26031,Cheboygan,Cheboygan County,MI,Michigan,-84.734413,45.198727,-84.204495,45.788209
county,26033,Chippewa,Chippewa County,MI,Michigan,-85.239331,45.912563,-83.473221,46.773315
county,26035,Clare,Clare County,MI,Michigan,-85.088811,43.813676,-84.606037,44.164242
county,26037,Clinton,Clinton County,MI,Michigan,-84.837628,42.769479,-84.363659,43.118851
county,26039,Crawford,Crawford County,MI,Michigan,-84.850929,44.507223,-84.370643,44.858184
county,26041,Delta,Delta County,MI,Michigan,-87.367849,45.477867,-86.459114,46.159103
county,26043,Dickinson,Dickinson County,MI,Michigan,-88.136110,45.722526,-87.615914,46.246865
county,26045,Eaton,Eaton County,MI,Michigan,-85.075582,42.421428,-84.600403,42.770784
county,26047,Emmet,Emmet County,MI,Michigan,-85.119737,45.271045,-84.729865,45.789301
county,26049,Genesee,Genesee County,MI,Michigan,-83.932071,42.780821,-83.453297,43.223131
county,26051,Gladwin,Gladwin County,MI,Michigan,-84.608104,43.813560,-84.165904,44.161788
county,26053,Gogebic,Gogebic County,MI,Michigan,-90.418136,46.097330,-88.990857,46.765475
county,26055,Grand Traverse,Grand Traverse County,MI,Michigan,-85.817802,44.512122,-85.332836,44.991875
county,26057,Gratiot,Gratiot County,MI,Michigan,-84.845962,43.117637,-84.367760,43.466288
county,26059,Hillsdale,Hillsdale County,MI,Michigan,-84.826491,41.696118,-84.360416,42.073456
county,26061,Houghton,Houghton County,MI,Michigan,-88.991236,46.419704,-88.226990,47.286210
county,26063,Huron,Huron County,MI,Michigan,-83.481212,43.667621,-82.606757,44.068266
county,26065,Ingham,Ingham County,MI,Michigan,-84.603137,42.421951,-84.140616,42.776639
county,26067,Ionia,Ionia County,MI,Michigan,-85.312526,42.769743,-84.836889,43.120213
county,26069,Iosco,Iosco County,MI,Michigan,-83.886634,44.161786,-83.316740,44.511733
county,26071,Iron,Iron County,MI,Michigan,-88.991236,45.920750,-88.116571,46.420139
county,26073,Isabella,Isabella County,MI,Michigan,-85.088811,43.466006,-84.606037,43.815365
county,26075,Jackson,Jackson County,MI,Michigan,-84.718602,42.070366,-84.130771,42.424867
county,26077,Kalamazoo,Kalamazoo County,MI,Michigan,-85.766066,42.069327,-85.293626,42.421522
county,26079,Kalkaska,Kalkaska County,MI,Michigan,-85.334000,44.510391,-84.847309,44.859608
county,26081,Kent,Kent County,MI,Michigan,-85.790662,42.768099,-85.309626,43.294405
county,26083,Keweenaw,Keweenaw County,MI,Michigan,-89.262800,47.199782,-87.586224,48.238800
county,26085,Lake,Lake County,MI,Michigan,-86.043507,43.814099,-85.562319,44.167088
county,26087,Lapeer,Lapeer County,MI,Michigan,-83.460733,42.880432,-82.983647,43.327049
county,26089,Leelanau,Leelanau County,MI,Michigan,-86.155845,44.774507,-85.526734,45.491596
county,26091,Lenawee,Lenawee County,MI,Michigan,-84.363297,41.706625,-83.763150,42.082430
county,26093,Livingston,Livingston County,MI,Michigan,-84.158189,42.423904,-83.664808,42.783263
county,26095,Luce,Luce County,MI,Michigan,-85.865025,46.244631,-85.237839,46.755679
county,26097,Mackinac,Mackinac County,MI,Michigan,-85.865401,45.720094,-84.114161,46.245722
county,26099,Macomb,Macomb County,MI,Michigan,-83.102891,42.447055,-82.705375,42.897541
county,26101,Manistee,Manistee County,MI,Michigan,-86.388799,44.164197,-85.817755,44.518305
county,26103,Marquette,Marquette County,MI,Michigan,-88.117407,45.985117,-87.116125,46.966312
county,26105,Mason,Mason County,MI,Michigan,-86.514742,43.815611,-86.037884,44.178688
county,26107,Mecosta,Mecosta County,MI,Michigan,-85.562808,43.466190,-85.084996,43.815483
county,26109,Menominee,Menominee County,MI,Michigan,-87.888052,45.094762,-87.263860,45.986014
county,26111,Midland,Midland County,MI,Michigan,-84.608100,43.466006,-84.166975,43.828434
county,26113,Missaukee,Missaukee County,MI,Michigan,-85.338404,44.161375,-84.850929,44.512303
county,26115,Monroe,Monroe County,MI,Michigan,-83.773922,41.723547,-83.181659,42.094245
county,26117,Montcalm,Montcalm County,MI,Michigan,-85.562744,43.118793,-84.835305,43.468201
county,26119,Montmorency,Montmorency County,MI,Michigan,-84.371737,44.854905,-83.880234,45.202071
county,26121,Muskegon,Muskegon County,MI,Michigan,-86.461539,43.117395,-85.790448,43.472487
county,26123,Newaygo,Newaygo County,MI,Michigan,-86.039780,43.292925,-85.562249,43.815611
county,26125,Oakland,Oakland County,MI,Michigan,-83.689384,42.431179,-83.083393,42.888647
county,26127,Oceana,Oceana County,MI,Michigan,-86.540916,43.467447,-86.037884,43.819572
county,26129,Ogemaw,Ogemaw County,MI,Michigan,-84.370643,44.160538,-83.883245,44.509065
county,26131,Ontonagon,Ontonagon County,MI,Michigan,-89.885387,46.332308,-88.863906,47.031186
county,26133,Osceola,Osceola County,MI,Michigan,-85.564554,43.813592,-85.087403,44.165140
county,26135,Oscoda,Oscoda County,MI,Michigan,-84.372004,44.507223,-83.886634,44.856635
county,26137,Otsego,Otsego County,MI,Michigan,-84.857452,44.855039,-84.366614,45.201936
county,26139,Ottawa,Ottawa County,MI,Michigan,-86.271996,42.767509,-85.782106,43.205976
county,26141,Presque Isle,Presque Isle County,MI,Michigan,-84.252020,45.198621,-83.381632,45.626247
county,26143,Roscommon,Roscommon County,MI,Michigan,-84.855795,44.160482,-84.366324,44.511453
county,26145,Saginaw,Saginaw County,MI,Michigan,-84.369925,43.128452,-83.695258,43.568899
county,26147,St. Clair,St. Clair County,MI,Michigan,-82.996257,42.522210,-82.413474,43.168934
county,26149,St. Joseph,St. Joseph County,MI,Michigan,-85.791335,41.759049,-85.292069,42.071553
county,26151,Sanilac,Sanilac County,MI,Michigan,-83.120396,43.154099,-82.503428,43.690467
county,26153,Schoolcraft,Schoolcraft County,MI,Michigan,-86.615601,45.757121,-85.864568,46.505852
county,26155,Shiawassee,Shiawassee County,MI,Michigan,-84.367891,42.775778,-83.922516,43.132782
county,26157,Tuscola,Tuscola County,MI,Michigan,-83.699651,43.221419,-83.103826,43.728649
county,26159,Van Buren,Van Buren County,MI,Michigan,-86.364265,42.069280,-85.762943,42.420715
county,26161,Washtenaw,Washtenaw County,MI,Michigan,-84.134079,42.071577,-83.539396,42.435166
county,26163,Wayne,Wayne County,MI,Michigan,-83.551907,42.033339,-82.870239,42.451009
county,26165,Wexford,Wexford County,MI,Michigan,-85.821450,44.164197,-85.334000,44.512984
county,27001,Aitkin,Aitkin County,MN,Minnesota,-93.812168,46.153881,-93.053712,47.030418
county,27003,Anoka,Anoka County,MN,Minnesota,-93.512649,45.035365,-93.018413,45.414798
county,27005,Becker,Becker County,MN,Minnesota,-96.194671,46.715516,-95.162266,47.152515
county,27007,Beltrami,Beltrami County,MN,Minnesota,-95.602315,47.409617,-94.413504,48.540346
county,27009,Benton,Benton County,MN,Minnesota,-94.353165,45.559066,-93.759450,45.824131
county,27011,Big Stone,Big Stone County,MN,Minnesota,-96.835451,45.176742,-96.103710,45.586224
county,27013,Blue Earth,Blue Earth County,MN,Minnesota,-94.371731,43.847887,-93.767755,44.264448
county,27015,Brown,Brown County,MN,Minnesota,-95.108777,44.107725,-94.368850,44.498218
county,27017,Carlton,Carlton County,MN,Minnesota,-93.064843,46.417220,-92.291597,46.769061
county,27019,Carver,Carver County,MN,Minnesota,-94.012497,44.635140,-93.520159,44.978712
county,27021,Cass,Cass County,MN,Minnesota,-94.787126,46.276616,-93.773930,47.480744
county,27023,Chippewa,Chippewa County,MN,Minnesota,-96.036851,44.750743,-95.243771,45.152719
county,27025,Chisago,Chisago County,MN,Minnesota,-93.141974,45.295844,-92.646602,45.730999
county,27027,Clay,Clay County,MN,Minnesota,-96.839782,46.628665,-96.172405,47.151435
county,27029,Clearwater,Clearwater County,MN,Minnesota,-95.582889,47.151122,-95.169172,48.020670
county,27031,Cook,Cook County,MN,Minnesota,-91.032068,47.464964,-89.493977,48.245784
county,27033,Cottonwood,Cottonwood County,MN,Minnesota,-95.462886,43.847660,-94.859116,44.195966
county,27035,Crow Wing,Crow Wing County,MN,Minnesota,-94.395718,46.155917,-93.776024,46.805529
county,27037,Dakota,Dakota County,MN,Minnesota,-93.329668,44.471149,-92.732042,44.923287
county,27039,Dodge,Dodge County,MN,Minnesota,-93.045966,43.848467,-92.678021,44.196918
county,27041,Douglas,Douglas County,MN,Minnesota,-95.769787,45.758736,-95.138632,46.108155
county,27043,Faribault,Faribault County,MN,Minnesota,-94.247968,43.499664,-93.648013,43.848217
county,27045,Fillmore,Fillmore County,MN,Minnesota,-92.449566,43.500394,-91.730217,43.848281
county,27047,Freeborn,Freeborn County,MN,Minnesota,-93.648533,43.499369,-93.049193,43.848443
county,27049,Goodhue,Goodhue County,MN,Minnesota,-93.041159,44.194916,-92.242010,44.713671
county,27051,Grant,Grant County,MN,Minnesota,-96.266410,45.759445,-95.758420,46.108631
county,27053,Hennepin,Hennepin County,MN,Minnesota,-93.768385,44.785190,-93.177218,45.246618
county,27055,Houston,Houston County,MN,Minnesota,-91.730725,43.500441,-91.217353,43.847065
county,27057,Hubbard,Hubbard County,MN,Minnesota,-95.183218,46.803716,-94.658370,47.412773
county,27059,Isanti,Isanti County,MN,Minnesota,-93.513683,45.411770,-93.019563,45.734318
county,27061,Itasca,Itasca County,MN,Minnesota,-94.419280,47.025194,-93.056006,47.898950
county,27063,Jackson,Jackson County,MN,Minnesota,-95.454693,43.500113,-94.854444,43.848099
county,27065,Kanabec,Kanabec County,MN,Minnesota,-93.518243,45.730519,-93.053950,46.159465
county,27067,Kandiyohi,Kandiyohi County,MN,Minnesota,-95.255357,44.891255,-94.756904,45.412990
county,27069,Kittson,Kittson County,MN,Minnesota,-97.239209,48.543193,-96.386633,49.000674
county,27071,Koochiching,Koochiching County,MN,Minnesota,-94.430294,47.845816,-93.080906,48.711945
county,27073,Lac qui Parle,Lac qui Parle County,MN,Minnesota,-96.452948,44.804760,-95.736696,45.269351
county,27075,Lake,Lake County,MN,Minnesota,-91.800109,46.939582,-91.020737,48.205823
county,27077,Lake of the Woods,Lake of the Woods County,MN,Minnesota,-95.342730,48.365971,-94.428704,49.384358
county,27079,Le Sueur,Le Sueur County,MN,Minnesota,-94.025073,44.195836,-93.524327,44.543897
county,27081,Lincoln,Lincoln County,MN,Minnesota,-96.452774,44.196620,-96.078580,44.631350
county,27083,Lyon,Lyon County,MN,Minnesota,-96.093470,44.195210,-95.593282,44.630792
county,27085,McLeod,McLeod County,MN,Minnesota,-94.502395,44.629921,-94.009669,44.979784
county,27087,Mahnomen,Mahnomen County,MN,Minnesota,-96.067621,47.150253,-95.550969,47.500258
county,27089,Marshall,Marshall County,MN,Minnesota,-97.163290,48.171686,-95.593145,48.545072
county,27091,Martin,Martin County,MN,Minnesota,-94.854646,43.500114,-94.247123,43.848217
county,27093,Meeker,Meeker County,MN,Minnesota,-94.763510,44.891856,-94.255743,45.326635
county,27095,Mille Lacs,Mille Lacs County,MN,Minnesota,-93.810912,45.558772,-93.430170,46.247150
county,27097,Morrison,Morrison County,MN,Minnesota,-94.653462,45.773895,-93.763948,46.348678
county,27099,Mower,Mower County,MN,Minnesota,-93.049524,43.499604,-92.448948,43.848761
county,27101,Murray,Murray County,MN,Minnesota,-96.064620,43.847889,-95.462265,44.196535
county,27103,Nicollet,Nicollet County,MN,Minnesota,-94.786490,44.154018,-93.928995,44.456946
county,27105,Nobles,Nobles County,MN,Minnesota,-96.053840,43.499893,-95.452030,43.849070
county,27107,Norman,Norman County,MN,Minnesota,-96.871663,47.150476,-96.066555,47.499775
county,27109,Olmsted,Olmsted County,MN,Minnesota,-92.689391,43.833847,-92.078930,44.195606
county,27111,Otter Tail,Otter Tail County,MN,Minnesota,-96.281196,46.106761,-95.145791,46.718163
county,27113,Pennington,Pennington County,MN,Minnesota,-96.501028,47.933966,-95.582155,48.175052
county,27115,Pine,Pine County,MN,Minnesota,-93.142869,45.728751,-92.292782,46.419269
county,27117,Pipestone,Pipestone County,MN,Minnesota,-96.453405,43.848598,-96.063778,44.197520
county,27119,Polk,Polk County,MN,Minnesota,-97.147511,47.498625,-95.553392,48.174108
county,27121,Pope,Pope County,MN,Minnesota,-95.758603,45.411896,-95.131460,45.759932
county,27123,Ramsey,Ramsey County,MN,Minnesota,-93.228100,44.887399,-92.984192,45.124533
county,27125,Red Lake,Red Lake County,MN,Minnesota,-96.482550,47.759574,-95.709148,47.964540
county,27127,Redwood,Redwood County,MN,Minnesota,-95.594817,44.195044,-94.865517,44.698540
county,27129,Renville,Renville County,MN,Minnesota,-95.483611,44.456030,-94.497730,44.892334
county,27131,Rice,Rice County,MN,Minnesota,-93.525468,44.196131,-93.039485,44.544070
county,27133,Rock,Rock County,MN,Minnesota,-96.453408,43.500109,-96.052302,43.849506
county,27135,Roseau,Roseau County,MN,Minnesota,-96.405411,48.538533,-95.089787,48.999984
county,27137,St. Louis,St. Louis County,MN,Minnesota,-93.098021,46.649241,-91.789132,48.631493
county,27139,Scott,Scott County,MN,Minnesota,-93.911401,44.543139,-93.278069,44.813074
county,27141,Sherburne,Sherburne County,MN,Minnesota,-94.154210,45.245683,-93.509794,45.560222
county,27143,Sibley,Sibley County,MN,Minnesota,-94.629489,44.455880,-93.763662,44.717915
county,27145,Stearns,Stearns County,MN,Minnesota,-95.139856,45.282797,-94.048021,45.775320
county,27147,Steele,Steele County,MN,Minnesota,-93.406642,43.848120,-93.045384,44.196716
county,27149,Stevens,Stevens County,MN,Minnesota,-96.254057,45.411975,-95.747402,45.759932
county,27151,Swift,Swift County,MN,Minnesota,-96.118204,45.151341,-95.246449,45.412738
county,27153,Todd,Todd County,MN,Minnesota,-95.155570,45.773416,-94.643492,46.368894
county,27155,Traverse,Traverse County,MN,Minnesota,-96.857751,45.585215,-96.253026,46.021846
county,27157,Wabasha,Wabasha County,MN,Minnesota,-92.550969,44.106721,-91.858393,44.455321
county,27159,Wadena,Wadena County,MN,Minnesota,-95.164103,46.368370,-94.728231,46.805562
county,27161,Waseca,Waseca County,MN,Minnesota,-93.768295,43.847883,-93.406271,44.196383
county,27163,Washington,Washington County,MN,Minnesota,-93.021521,44.745797,-92.739528,45.296929
county,27165,Watonwan,Watonwan County,MN,Minnesota,-94.859803,43.848041,-94.368850,44.108989
county,27167,Wilkin,Wilkin County,MN,Minnesota,-96.791089,46.021560,-96.264647,46.630909
county,27169,Winona,Winona County,MN,Minnesota,-92.079498,43.846825,-91.284138,44.193153
county,27171,Wright,Wright County,MN,Minnesota,-94.261520,44.977646,-93.514670,45.423665
county,27173,Yellow Medicine,Yellow Medicine County,MN,Minnesota,-96.451888,44.541762,-95.360177,44.936166
county,28001,Adams,Adams County,MS,Mississippi,-91.655009,31.191140,-91.153841,31.750005
county,28003,Alcorn,Alcorn County,MS,Mississippi,-88.823539,34.755604,-88.363531,34.996052
county,28005,Amite,Amite County,MS,Mississippi,-91.095398,30.998953,-90.547615,31.349675
county,28007,Attala,Attala County,MS,Mississippi,-89.965882,32.879515,-89.316408,33.285942
county,28009,Benton,Benton County,MS,Mississippi,-89.352903,34.582926,-89.016586,34.994956
county,28011,Bolivar,Bolivar County,MS,Mississippi,-91.234608,33.529336,-90.656977,34.120712
county,28013,Calhoun,Calhoun County,MS,Mississippi,-89.510149,33.721721,-89.137603,34.162082
county,28015,Carroll,Carroll County,MS,Mississippi,-90.174756,33.214478,-89.645280,33.676956
county,28017,Chickasaw,Chickasaw County,MS,Mississippi,-89.191781,33.738602,-88.718964,34.074952
county,28019,Choctaw,Choctaw County,MS,Mississippi,-89.454050,33.108871,-89.088255,33.533202
county,28021,Claiborne,Claiborne County,MS,Mississippi,-91.248144,31.785422,-90.714405,32.225465
county,28023,Clarke,Clarke County,MS,Mississippi,-88.914277,31.826649,-88.431294,32.227655
county,28025,Clay,Clay County,MS,Mississippi,-89.036067,33.506632,-88.471886,33.812374
county,28027,Coahoma,Coahoma County,MS,Mississippi,-90.961044,33.985689,-90.397526,34.523984
county,28029,Copiah,Copiah County,MS,Mississippi,-90.736824,31.685194,-90.107491,32.050058
county,28031,Covington,Covington County,MS,Mississippi,-89.755614,31.433688,-89.399178,31.796863
county,28033,DeSoto,DeSoto County,MS,Mississippi,-90.317741,34.707950,-89.723442,34.995694
county,28035,Forrest,Forrest County,MS,Mississippi,-89.451616,30.909858,-89.137967,31.434444
county,28037,Franklin,Franklin County,MS,Mississippi,-91.158150,31.319951,-90.632615,31.611588
county,28039,George,George County,MS,Mississippi,-88.885038,30.734236,-88.412451,30.998785
county,28041,Greene,Greene County,MS,Mississippi,-88.841868,30.997464,-88.425636,31.435880
county,28043,Grenada,Grenada County,MS,Mississippi,-90.137011,33.676246,-89.506872,33.897971
county,28045,Hancock,Hancock County,MS,Mississippi,-89.689779,30.175372,-89.322345,30.648375
county,28047,Harrison,Harrison County,MS,Mississippi,-89.341715,30.208336,-88.818560,30.677292
county,28049,Hinds,Hinds County,MS,Mississippi,-90.728622,32.048352,-90.065681,32.573783
county,28051,Holmes,Holmes County,MS,Mississippi,-90.431950,32.879573,-89.748572,33.375121
county,28053,Humphreys,Humphreys County,MS,Mississippi,-90.733216,32.922510,-90.330312,33.329484
county,28055,Issaquena,Issaquena County,MS,Mississippi,-91.214027,32.411185,-90.691405,33.011385
county,28057,Itawamba,Itawamba County,MS,Mississippi,-88.544831,34.086554,-88.156292,34.465452
county,28059,Jackson,Jackson County,MS,Mississippi,-88.884535,30.196584,-88.394551,30.736048
county,28061,Jasper,Jasper County,MS,Mississippi,-89.322692,31.802090,-88.910459,32.224381
county,28063,Jefferson,Jefferson County,MS,Mississippi,-91.365529,31.610068,-90.736282,31.869848
county,28065,Jefferson Davis,Jefferson Davis County,MS,Mississippi,-89.976052,31.390020,-89.586587,31.774654
county,28067,Jones,Jones County,MS,Mississippi,-89.401227,31.433458,-88.942614,31.824565
county,28069,Kemper,Kemper County,MS,Mississippi,-88.915276,32.576833,-88.347850,32.929091
county,28071,Lafayette,Lafayette County,MS,Mississippi,-89.722246,34.161186,-89.245485,34.555051
county,28073,Lamar,Lamar County,MS,Mississippi,-89.654400,30.982452,-89.347807,31.434212
county,28075,Lauderdale,Lauderdale County,MS,Mississippi,-88.915679,32.224186,-88.388857,32.578244
county,28077,Lawrence,Lawrence County,MS,Mississippi,-90.245191,31.328778,-89.958940,31.761655
county,28079,Leake,Leake County,MS,Mississippi,-89.730304,32.576174,-89.317565,32.931660
county,28081,Lee,Lee County,MS,Mississippi,-88.825632,34.074521,-88.541749,34.509445
county,28083,Leflore,Leflore County,MS,Mississippi,-90.453801,33.235320,-90.101399,33.811390
county,28085,Lincoln,Lincoln County,MS,Mississippi,-90.737330,31.349187,-90.242617,31.717524
county,28087,Lowndes,Lowndes County,MS,Mississippi,-88.671553,33.286855,-88.248937,33.745216
county,28089,Madison,Madison County,MS,Mississippi,-90.451494,32.399411,-89.729901,32.885408
county,28091,Marion,Marion County,MS,Mississippi,-90.040533,30.999555,-89.653756,31.434093
county,28093,Marshall,Marshall County,MS,Mississippi,-89.724324,34.494932,-89.245645,34.995293
county,28095,Monroe,Monroe County,MS,Mississippi,-88.720420,33.650399,-88.203784,34.089355
county,28097,Montgomery,Montgomery County,MS,Mississippi,-89.786890,33.285505,-89.380808,33.677951
county,28099,Neshoba,Neshoba County,MS,Mississippi,-89.319309,32.576458,-88.914238,32.932103
county,28101,Newton,Newton County,MS,Mississippi,-89.322692,32.223472,-88.913847,32.577337
county,28103,Noxubee,Noxubee County,MS,Mississippi,-88.813722,32.925973,-88.304417,33.288318
county,28105,Oktibbeha,Oktibbeha County,MS,Mississippi,-89.088658,33.286003,-88.670552,33.565229
county,28107,Panola,Panola County,MS,Mississippi,-90.198631,34.159554,-89.719382,34.554425
county,28109,Pearl River,Pearl River County,MS,Mississippi,-89.852263,30.458892,-89.340701,31.016032
county,28111,Perry,Perry County,MS,Mississippi,-89.146176,30.909877,-88.834339,31.434052
county,28113,Pike,Pike County,MS,Mississippi,-90.548387,30.999693,-90.259555,31.350274
county,28115,Pontotoc,Pontotoc County,MS,Mississippi,-89.246409,34.073942,-88.824416,34.380251
county,28117,Prentiss,Prentiss County,MS,Mississippi,-88.736465,34.463571,-88.329193,34.756804
county,28119,Quitman,Quitman County,MS,Mississippi,-90.450981,34.072215,-90.134481,34.511088
county,28121,Rankin,Rankin County,MS,Mississippi,-90.254799,32.047072,-89.729732,32.593295
county,28123,Scott,Scott County,MS,Mississippi,-89.784123,32.221798,-89.322229,32.634228
county,28125,Sharkey,Sharkey County,MS,Mississippi,-90.965281,32.662128,-90.656328,33.097519
county,28127,Simpson,Simpson County,MS,Mississippi,-90.247919,31.752680,-89.653025,32.049728
county,28129,Smith,Smith County,MS,Mississippi,-89.731225,31.780653,-89.316560,32.223757
county,28131,Stone,Stone County,MS,Mississippi,-89.341446,30.647309,-88.884533,30.910788
county,28133,Sunflower,Sunflower County,MS,Mississippi,-90.764484,33.270018,-90.450276,33.987586
county,28135,Tallahatchie,Tallahatchie County,MS,Mississippi,-90.451643,33.694067,-89.925282,34.164355
county,28137,Tate,Tate County,MS,Mississippi,-90.243924,34.553660,-89.668448,34.772980
county,28139,Tippah,Tippah County,MS,Mississippi,-89.088615,34.596343,-88.717794,34.995868
county,28141,Tishomingo,Tishomingo County,MS,Mississippi,-88.365670,34.463214,-88.097888,34.995634
county,28143,Tunica,Tunica County,MS,Mississippi,-90.591784,34.423807,-90.198536,34.891738
county,28145,Union,Union County,MS,Mississippi,-89.246401,34.364759,-88.735440,34.598699
county,28147,Walthall,Walthall County,MS,Mississippi,-90.260990,31.000657,-89.835873,31.350869
county,28149,Warren,Warren County,MS,Mississippi,-91.174552,32.078343,-90.553821,32.618858
county,28151,Washington,Washington County,MS,Mississippi,-91.235928,33.007697,-90.678655,33.530443
county,28153,Wayne,Wayne County,MS,Mississippi,-88.943468,31.433388,-88.449570,31.893856
county,28155,Webster,Webster County,MS,Mississippi,-89.507135,33.459806,-89.018343,33.739430
county,28157,Wilkinson,Wilkinson County,MS,Mississippi,-91.636942,30.998691,-91.058923,31.373182
county,28159,Winston,Winston County,MS,Mississippi,-89.319163,32.919107,-88.812782,33.286424
county,28161,Yalobusha,Yalobusha County,MS,Mississippi,-89.931747,33.867142,-89.507353,34.192545
county,28163,Yazoo,Yazoo County,MS,Mississippi,-90.759753,32.503110,-89.965882,33.022385
county,29001,Adair,Adair County,MO,Missouri,-92.856191,40.036961,-92.345064,40.346505
county,29003,Andrew,Andrew County,MO,Missouri,-95.060710,39.819906,-94.602712,40.130096
county,29005,Atchison,Atchison County,MO,Missouri,-95.774704,40.261706,-95.177606,40.585208
county,29007,Audrain,Audrain County,MO,Missouri,-92.314471,39.059057,-91.409033,39.347795
county,29009,Barry,Barry County,MO,Missouri,-94.077146,36.498717,-93.573800,36.931775
county,29011,Barton,Barton County,MO,Missouri,-94.617626,37.349291,-94.073524,37.653577
county,29013,Bates,Bates County,MO,Missouri,-94.614089,38.025952,-94.049895,38.477602
county,29015,Benton,Benton County,MO,Missouri,-93.523484,38.062479,-93.059073,38.535388
county,29017,Bollinger,Bollinger County,MO,Missouri,-90.223230,37.040019,-89.861123,37.599286
county,29019,Boone,Boone County,MO,Missouri,-92.569654,38.643167,-92.104374,39.248795
county,29021,Buchanan,Buchanan County,MO,Missouri,-95.113557,39.530170,-94.601138,39.821323
county,29023,Butler,Butler County,MO,Missouri,-90.679729,36.497771,-90.134457,36.927123
county,29025,Caldwell,Caldwell County,MO,Missouri,-94.208423,39.524400,-93.758173,39.788954
county,29027,Callaway,Callaway County,MO,Missouri,-92.226091,38.557412,-91.633998,39.064484
county,29029,Camden,Camden County,MO,Missouri,-93.082164,37.800539,-92.406275,38.271737
county,29031,Cape Girardeau,Cape Girardeau County,MO,Missouri,-89.866800,37.126039,-89.421054,37.606423
county,29033,Carroll,Carroll County,MO,Missouri,-93.759183,39.206262,-93.104485,39.615632
county,29035,Carter,Carter County,MO,Missouri,-91.224825,36.811453,-90.661231,37.100404
county,29037,Cass,Cass County,MO,Missouri,-94.612865,38.445358,-94.064317,38.847207
county,29039,Cedar,Cedar County,MO,Missouri,-94.075385,37.572689,-93.609489,37.900987
county,29041,Chariton,Chariton County,MO,Missouri,-93.287446,39.221865,-92.689331,39.706714
county,29043,Christian,Christian County,MO,Missouri,-93.610177,36.809178,-92.902922,37.098153
county,29045,Clark,Clark County,MO,Missouri,-91.950812,40.248761,-91.419422,40.613640
county,29047,Clay,Clay County,MO,Missouri,-94.608290,39.109763,-94.210642,39.456155
county,29049,Clinton,Clinton County,MO,Missouri,-94.602316,39.454682,-94.205761,39.747954
county,29051,Cole,Cole County,MO,Missouri,-92.495185,38.322713,-92.003500,38.739130
county,29053,Cooper,Cooper County,MO,Missouri,-93.059974,38.680013,-92.498377,39.064547
county,29055,Crawford,Crawford County,MO,Missouri,-91.535333,37.697198,-91.093953,38.211639
county,29057,Dade,Dade County,MO,Missouri,-94.083833,37.282011,-93.616033,37.581570
county,29059,Dallas,Dallas County,MO,Missouri,-93.191380,37.414920,-92.846281,37.904232
county,29061,Daviess,Daviess County,MO,Missouri,-94.218800,39.784674,-93.758992,40.136626
county,29063,DeKalb,DeKalb County,MO,Missouri,-94.605377,39.745841,-94.203457,40.039305
county,29065,Dent,Dent County,MO,Missouri,-91.809105,37.415277,-91.153345,37.791400
county,29067,Douglas,Douglas County,MO,Missouri,-92.909336,36.794011,-92.088708,37.070651
county,29069,Dunklin,Dunklin County,MO,Missouri,-90.377890,35.995683,-89.953870,36.631212
county,29071,Franklin,Franklin County,MO,Missouri,-91.369192,38.203979,-90.732860,38.708414
county,29073,Gasconade,Gasconade County,MO,Missouri,-91.644893,38.152490,-91.365436,38.713307
county,29075,Gentry,Gentry County,MO,Missouri,-94.606596,40.034885,-94.214278,40.386796
county,29077,Greene,Greene County,MO,Missouri,-93.625844,37.088694,-93.061541,37.427423
county,29079,Grundy,Grundy County,MO,Missouri,-93.764921,39.958842,-93.361761,40.266314
county,29081,Harrison,Harrison County,MO,Missouri,-94.232240,40.132909,-93.763177,40.577584
county,29083,Henry,Henry County,MO,Missouri,-94.075214,38.201068,-93.511030,38.567380
county,29085,Hickory,Hickory County,MO,Missouri,-93.574103,37.802737,-93.065199,38.073123
county,29087,Holt,Holt County,MO,Missouri,-95.554817,39.861718,-94.988097,40.264460
county,29089,Howard,Howard County,MO,Missouri,-92.945317,38.967554,-92.430229,39.343586
county,29091,Howell,Howell County,MO,Missouri,-92.120386,36.498431,-91.655607,37.056248
county,29093,Iron,Iron County,MO,Missouri,-91.155073,37.270113,-90.535006,37.740811
county,29095,Jackson,Jackson County,MO,Missouri,-94.608334,38.833006,-94.104823,39.237107
county,29097,Jasper,Jasper County,MO,Missouri,-94.618505,37.048127,-94.052313,37.364167
county,29099,Jefferson,Jefferson County,MO,Missouri,-90.780185,38.003499,-90.249858,38.501739
county,29101,Johnson,Johnson County,MO,Missouri,-94.129372,38.556210,-93.493124,38.937909
county,29103,Knox,Knox County,MO,Missouri,-92.349270,39.949426,-91.947241,40.304195
county,29105,Laclede,Laclede County,MO,Missouri,-92.859913,37.472944,-92.248937,37.895736
county,29107,Lafayette,Lafayette County,MO,Missouri,-94.114270,38.908709,-93.477233,39.292796
county,29109,Lawrence,Lawrence County,MO,Missouri,-94.062740,36.922831,-93.605095,37.290078
county,29111,Lewis,Lewis County,MO,Missouri,-91.952726,39.945278,-91.435478,40.257210
county,29113,Lincoln,Lincoln County,MO,Missouri,-91.264287,38.870865,-90.663424,39.227265
county,29115,Linn,Linn County,MO,Missouri,-93.364808,39.699985,-92.847477,40.037301
county,29117,Livingston,Livingston County,MO,Missouri,-93.761973,39.611407,-93.260388,39.967628
county,29119,McDonald,McDonald County,MO,Missouri,-94.618307,36.498587,-94.067145,36.766560
county,29121,Macon,Macon County,MO,Missouri,-92.857920,39.605344,-92.287882,40.038302
county,29123,Madison,Madison County,MO,Missouri,-90.549729,37.312091,-90.138536,37.643641
county,29125,Maries,Maries County,MO,Missouri,-92.197773,38.009622,-91.630554,38.293610
county,29127,Marion,Marion County,MO,Missouri,-91.846752,39.657365,-91.306682,39.948235
county,29129,Mercer,Mercer County,MO,Missouri,-93.774821,40.263695,-93.366795,40.580481
county,29131,Miller,Miller County,MO,Missouri,-92.695886,38.016338,-92.181372,38.430958
county,29133,Mississippi,Mississippi County,MO,Missouri,-89.519865,36.564948,-89.098843,37.072014
county,29135,Moniteau,Moniteau County,MO,Missouri,-92.841950,38.427728,-92.379580,38.922084
county,29137,Monroe,Monroe County,MO,Missouri,-92.310028,39.337879,-91.711934,39.662932
county,29139,Montgomery,Montgomery County,MO,Missouri,-91.647171,38.676322,-91.260232,39.147853
county,29141,Morgan,Morgan County,MO,Missouri,-93.077692,38.186002,-92.625189,38.693077
county,29143,New Madrid,New Madrid County,MO,Missouri,-89.972478,36.336809,-89.327476,36.870909
county,29145,Newton,Newton County,MO,Missouri,-94.618658,36.747818,-94.059211,37.056798
county,29147,Nodaway,Nodaway County,MO,Missouri,-95.202395,40.126127,-94.598487,40.578528
county,29149,Oregon,Oregon County,MO,Missouri,-91.677974,36.497112,-91.115926,36.888724
county,29151,Osage,Osage County,MO,Missouri,-92.195675,38.288150,-91.640287,38.707770
county,29153,Ozark,Ozark County,MO,Missouri,-92.772333,36.497199,-92.112346,36.806097
county,29155,Pemiscot,Pemiscot County,MO,Missouri,-89.961697,35.999020,-89.534507,36.427659
county,29157,Perry,Perry County,MO,Missouri,-90.147306,37.563965,-89.475932,37.905572
county,29159,Pettis,Pettis County,MO,Missouri,-93.512743,38.506321,-93.050453,38.942837
county,29161,Phelps,Phelps County,MO,Missouri,-92.029258,37.598863,-91.524990,38.153519
county,29163,Pike,Pike County,MO,Missouri,-91.460442,39.139050,-90.721188,39.598355
county,29165,Platte,Platte County,MO,Missouri,-95.102888,39.153707,-94.600358,39.533347
county,29167,Polk,Polk County,MO,Missouri,-93.632439,37.417204,-93.173183,37.829435
county,29169,Pulaski,Pulaski County,MO,Missouri,-92.413661,37.602542,-92.021112,38.021179
county,29171,Putnam,Putnam County,MO,Missouri,-93.375217,40.342481,-92.664742,40.589564
county,29173,Ralls,Ralls County,MO,Missouri,-91.718467,39.318716,-91.178012,39.686492
county,29175,Randolph,Randolph County,MO,Missouri,-92.707367,39.246454,-92.300871,39.610371
county,29177,Ray,Ray County,MO,Missouri,-94.212515,39.134024,-93.758463,39.527200
county,29179,Reynolds,Reynolds County,MO,Missouri,-91.314236,37.050324,-90.734438,37.603853
county,29181,Ripley,Ripley County,MO,Missouri,-91.126800,36.497712,-90.574759,36.824309
county,29183,St. Charles,St. Charles County,MO,Missouri,-90.964469,38.534134,-90.109107,38.967764
county,29185,St. Clair,St. Clair County,MO,Missouri,-94.065675,37.827935,-93.497280,38.220808
county,29186,Ste. Genevieve,Ste. Genevieve County,MO,Missouri,-90.459133,37.669628,-89.924811,38.127813
county,29187,St. Francois,St. Francois County,MO,Missouri,-90.647874,37.641039,-90.110537,38.076548
county,29189,St. Louis,St. Louis County,MO,Missouri,-90.736167,38.387224,-90.117707,38.891745
county,29195,Saline,Saline County,MO,Missouri,-93.496377,38.928244,-92.848825,39.411805
county,29197,Schuyler,Schuyler County,MO,Missouri,-92.721158,40.343466,-92.349975,40.597273
county,29199,Scotland,Scotland County,MO,Missouri,-92.351404,40.300832,-91.943113,40.605842
county,29201,Scott,Scott County,MO,Missouri,-89.786819,36.859517,-89.313271,37.253357
county,29203,Shannon,Shannon County,MO,Missouri,-91.658111,36.883857,-91.017163,37.422731
county,29205,Shelby,Shelby County,MO,Missouri,-92.299316,39.604082,-91.840353,39.954494
county,29207,Stoddard,Stoddard County,MO,Missouri,-90.259757,36.627375,-89.684670,37.127327
county,29209,Stone,Stone County,MO,Missouri,-93.612929,36.498408,-93.304359,36.995810
county,29211,Sullivan,Sullivan County,MO,Missouri,-93.367295,40.033098,-92.855313,40.386451
county,29213,Taney,Taney County,MO,Missouri,-93.315323,36.497772,-92.764869,36.816866
county,29215,Texas,Texas County,MO,Missouri,-92.253310,37.048800,-91.646626,37.605243
county,29217,Vernon,Vernon County,MO,Missouri,-94.617975,37.639722,-94.058285,38.060056
county,29219,Warren,Warren County,MO,Missouri,-91.418637,38.547241,-90.958536,38.992828
county,29221,Washington,Washington County,MO,Missouri,-91.100017,37.734196,-90.639980,38.206687
county,29223,Wayne,Wayne County,MO,Missouri,-90.779553,36.921436,-90.110354,37.317594
county,29225,Webster,Webster County,MO,Missouri,-93.076778,37.067051,-92.678970,37.487444
county,29227,Worth,Worth County,MO,Missouri,-94.632032,40.384254,-94.214213,40.571907
county,29229,Wright,Wright County,MO,Missouri,-92.692303,37.059653,-92.247175,37.481545
county,29510,St. Louis,St. Louis city,MO,Missouri,-90.320515,38.532006,-90.166714,38.774288
county,30001,Beaverhead,Beaverhead County,MT,Montana,-113.938206,44.357962,-111.463673,45.941505
county,30003,Big Horn,Big Horn County,MT,Montana,-108.699620,44.993788,-106.263684,46.043610
county,30005,Blaine,Blaine County,MT,Montana,-109.551758,47.719900,-108.236357,49.001132
county,30007,Broadwater,Broadwater County,MT,Montana,-111.787949,45.833500,-111.056996,46.781867
county,30009,Carbon,Carbon County,MT,Montana,-109.798673,44.999493,-108.098054,45.638639
county,30011,Carter,Carter County,MT,Montana,-105.038317,44.997605,-104.039563,46.136595
county,30013,Cascade,Cascade County,MT,Montana,-112.047781,46.818117,-110.636266,47.698738
county,30015,Chouteau,Chouteau County,MT,Montana,-111.409097,47.415312,-109.532919,48.306567
county,30017,Custer,Custer County,MT,Montana,-106.191734,45.786964,-104.732672,46.860820
county,30019,Daniels,Daniels County,MT,Montana,-106.151930,48.563114,-104.973283,48.999707
county,30021,Dawson,Dawson County,MT,Montana,-105.406581,46.860813,-104.305747,47.790502
county,30023,Deer Lodge,Deer Lodge County,MT,Montana,-113.517409,45.758021,-112.558599,46.266826
county,30025,Fallon,Fallon County,MT,Montana,-104.905988,45.881928,-104.044030,46.684924
county,30027,Fergus,Fergus County,MT,Montana,-110.213596,46.693503,-108.313048,47.803424
county,30029,Flathead,Flathead County,MT,Montana,-115.020079,47.595507,-112.878701,49.001390
county,30031,Gallatin,Gallatin County,MT,Montana,-111.805380,44.476798,-110.783833,46.192834
county,30033,Garfield,Garfield County,MT,Montana,-107.968626,46.845176,-106.086463,47.982860
county,30035,Glacier,Glacier County,MT,Montana,-114.068179,48.309684,-112.184587,48.998919
county,30037,Golden Valley,Golden Valley County,MT,Montana,-109.653871,46.044759,-108.778504,46.751351
county,30039,Granite,Granite County,MT,Montana,-113.878358,45.938634,-113.036046,46.832198
county,30041,Hill,Hill County,MT,Montana,-110.756198,48.132495,-109.464318,49.000606
county,30043,Jefferson,Jefferson County,MT,Montana,-112.597936,45.747368,-111.660013,46.569474
county,30045,Judith Basin,Judith Basin County,MT,Montana,-110.788302,46.672056,-109.745745,47.416675
county,30047,Lake,Lake County,MT,Montana,-114.604857,47.138070,-113.598113,48.051900
county,30049,Lewis and Clark,Lewis and Clark County,MT,Montana,-113.165811,46.414961,-111.494642,47.953918
county,30051,Liberty,Liberty County,MT,Montana,-111.409097,48.132218,-110.742458,48.998558
county,30053,Lincoln,Lincoln County,MT,Montana,-116.049155,47.890274,-114.612063,49.001270
county,30055,McCone,McCone County,MT,Montana,-106.430477,47.092968,-105.194572,48.097903
county,30057,Madison,Madison County,MT,Montana,-112.704848,44.708023,-111.350030,45.858781
county,30059,Meagher,Meagher County,MT,Montana,-111.658132,46.184368,-110.272998,47.088301
county,30061,Mineral,Mineral County,MT,Montana,-115.759304,46.696734,-114.419374,47.496789
county,30063,Missoula,Missoula County,MT,Montana,-114.797204,46.631764,-113.302818,47.600247
county,30065,Musselshell,Musselshell County,MT,Montana,-109.009982,46.132457,-107.781214,46.755875
county,30067,Park,Park County,MT,Montana,-111.046725,44.992174,-109.798486,46.192812
county,30069,Petroleum,Petroleum County,MT,Montana,-108.736838,46.749392,-107.825555,47.598418
county,30071,Phillips,Phillips County,MT,Montana,-108.891115,47.449376,-107.179812,49.000019
county,30073,Pondera,Pondera County,MT,Montana,-113.349985,47.984354,-111.408514,48.483614
county,30075,Powder River,Powder River County,MT,Montana,-106.279709,44.993463,-104.981451,45.788613
county,30077,Powell,Powell County,MT,Montana,-113.466485,46.265821,-112.293205,47.600161
county,30079,Prairie,Prairie County,MT,Montana,-106.086777,46.540389,-104.603395,47.181591
county,30081,Ravalli,Ravalli County,MT,Montana,-114.566465,45.459094,-113.515483,46.661016
county,30083,Richland,Richland County,MT,Montana,-105.235016,47.353460,-104.041662,48.150548
county,30085,Roosevelt,Roosevelt County,MT,Montana,-105.844123,47.996107,-104.044120,48.563358
county,30087,Rosebud,Rosebud County,MT,Montana,-107.897356,45.177281,-106.086341,46.859603
county,30089,Sanders,Sanders County,MT,Montana,-116.049153,47.120757,-114.187062,48.263997
county,30091,Sheridan,Sheridan County,MT,Montana,-105.057742,48.389291,-104.046911,48.999877
county,30093,Silver Bow,Silver Bow County,MT,Montana,-113.085517,45.624854,-112.189986,46.185252
county,30095,Stillwater,Stillwater County,MT,Montana,-110.064581,45.167339,-108.843016,46.132371
county,30097,Sweet Grass,Sweet Grass County,MT,Montana,-110.292881,45.172096,-109.417158,46.220605
county,30099,Teton,Teton County,MT,Montana,-113.014811,47.500289,-111.408418,48.133176
county,30101,Toole,Toole County,MT,Montana,-112.193409,48.219334,-111.269864,48.998921
county,30103,Treasure,Treasure County,MT,Montana,-107.738548,45.870041,-106.939067,46.482713
county,30105,Valley,Valley County,MT,Montana,-107.414886,47.660437,-105.804436,48.999925
county,30107,Wheatland,Wheatland County,MT,Montana,-110.281971,46.219096,-109.388548,46.752950
county,30109,Wibaux,Wibaux County,MT,Montana,-104.607307,46.641409,-104.044788,47.397403
county,30111,Yellowstone,Yellowstone County,MT,Montana,-108.925637,45.460449,-107.462651,46.496043
county,31001,Adams,Adams County,NE,Nebraska,-98.724412,40.350222,-98.277903,40.698961
county,31003,Antelope,Antelope County,NE,Nebraska,-98.300600,41.914954,-97.833288,42.437684
county,31005,Arthur,Arthur County,NE,Nebraska,-101.985589,41.395012,-101.406416,41.743200
county,31007,Banner,Banner County,NE,Nebraska,-104.052975,41.393033,-103.367153,41.699524
county,31009,Blaine,Blaine County,NE,Nebraska,-100.268077,41.738599,-99.686266,42.086147
county,31011,Boone,Boone County,NE,Nebraska,-98.296006,41.480571,-97.829846,41.916286
county,31013,Box Butte,Box Butte County,NE,Nebraska,-103.444329,42.000665,-102.697835,42.439934
county,31015,Boyd,Boyd County,NE,Nebraska,-99.257578,42.761207,-98.305051,42.998560
county,31017,Brown,Brown County,NE,Nebraska,-100.198575,42.085301,-99.662379,42.846102
county,31019,Buffalo,Buffalo County,NE,Nebraska,-99.426795,40.652162,-98.721430,41.047100
county,31021,Burt,Burt County,NE,Nebraska,-96.555251,41.682730,-96.064537,42.047281
county,31023,Butler,Butler County,NE,Nebraska,-97.368274,41.046091,-96.905770,41.456436
county,31025,Cass,Cass County,NE,Nebraska,-96.463861,40.783498,-95.809474,41.066001
county,31027,Cedar,Cedar County,NE,Nebraska,-97.486092,42.351092,-97.014795,42.868334
county,31029,Chase,Chase County,NE,Nebraska,-102.051840,40.349214,-101.342788,40.700222
county,31031,Cherry,Cherry County,NE,Nebraska,-102.084961,42.085848,-100.167539,42.999356
county,31033,Cheyenne,Cheyenne County,NE,Nebraska,-103.382492,41.001844,-102.609386,41.439148
county,31035,Clay,Clay County,NE,Nebraska,-98.278307,40.350347,-97.824114,40.698555
county,31037,Colfax,Colfax County,NE,Nebraska,-97.253519,41.376816,-96.905910,41.743085
county,31039,Cuming,Cuming County,NE,Nebraska,-97.019911,41.742018,-96.554866,42.090577
county,31041,Custer,Custer County,NE,Nebraska,-100.252812,41.046252,-99.203261,41.741507
county,31043,Dakota,Dakota County,NE,Nebraska,-96.726661,42.276493,-96.356406,42.524652
county,31045,Dawes,Dawes County,NE,Nebraska,-103.505100,42.437267,-102.772905,43.000879
county,31047,Dawson,Dawson County,NE,Nebraska,-100.224480,40.670825,-99.416414,41.047404
county,31049,Deuel,Deuel County,NE,Nebraska,-102.621033,41.002174,-102.051718,41.221989
county,31051,Dixon,Dixon County,NE,Nebraska,-97.017789,42.264052,-96.631494,42.761599
county,31053,Dodge,Dodge County,NE,Nebraska,-96.906032,41.393131,-96.328561,41.742763
county,31055,Douglas,Douglas County,NE,Nebraska,-96.470720,41.189999,-95.871489,41.393311
county,31057,Dundy,Dundy County,NE,Nebraska,-102.052001,40.002354,-101.323353,40.350553
county,31059,Fillmore,Fillmore County,NE,Nebraska,-97.824780,40.350300,-97.368311,40.698813
county,31061,Franklin,Franklin County,NE,Nebraska,-99.179403,40.001925,-98.725904,40.350681
county,31063,Frontier,Frontier County,NE,Nebraska,-100.783018,40.349239,-99.981193,40.700380
county,31065,Furnas,Furnas County,NE,Nebraska,-100.197807,40.001342,-99.628255,40.351285
county,31067,Gage,Gage County,NE,Nebraska,-96.916947,40.000851,-96.463268,40.523828
county,31069,Garden,Garden County,NE,Nebraska,-102.678706,41.221536,-101.984567,42.009195
county,31071,Garfield,Garfield County,NE,Nebraska,-99.222733,41.740305,-98.759062,42.088579
county,31073,Gosper,Gosper County,NE,Nebraska,-100.095095,40.351034,-99.642209,40.700196
county,31075,Grant,Grant County,NE,Nebraska,-102.067764,41.742057,-101.425920,42.096227
county,31077,Greeley,Greeley County,NE,Nebraska,-98.752225,41.393637,-98.290872,41.741210
county,31079,Hall,Hall County,NE,Nebraska,-98.721975,40.698284,-98.282359,41.046709
county,31081,Hamilton,Hamilton County,NE,Nebraska,-98.282851,40.698284,-97.825723,41.173439
county,31083,Harlan,Harlan County,NE,Nebraska,-99.630683,40.001865,-99.178975,40.351260
county,31085,Hayes,Hayes County,NE,Nebraska,-101.345365,40.349312,-100.777376,40.700238
county,31087,Hitchcock,Hitchcock County,NE,Nebraska,-101.325334,40.002145,-100.758435,40.350900
county,31089,Holt,Holt County,NE,Nebraska,-99.257039,42.087916,-98.300217,42.896724
county,31091,Hooker,Hooker County,NE,Nebraska,-101.426680,41.739997,-100.842459,42.092194
county,31093,Howard,Howard County,NE,Nebraska,-98.749167,41.046116,-98.286584,41.394297
county,31095,Jefferson,Jefferson County,NE,Nebraska,-97.369199,40.001323,-96.916055,40.350392
county,31097,Johnson,Johnson County,NE,Nebraska,-96.463790,40.261954,-96.066015,40.523256
county,31099,Kearney,Kearney County,NE,Nebraska,-99.179487,40.350347,-98.723941,40.689772
county,31101,Keith,Keith County,NE,Nebraska,-102.055955,41.002673,-101.249975,41.395504
county,31103,Keya Paha,Keya Paha County,NE,Nebraska,-100.198478,42.717626,-99.253965,42.998711
county,31105,Kimball,Kimball County,NE,Nebraska,-104.053514,41.001387,-103.375601,41.394633
county,31107,Knox,Knox County,NE,Nebraska,-98.310314,42.436913,-97.484903,42.882560
county,31109,Lancaster,Lancaster County,NE,Nebraska,-96.913930,40.523013,-96.463632,41.046116
county,31111,Lincoln,Lincoln County,NE,Nebraska,-101.270513,40.697802,-100.223311,41.395068
county,31113,Logan,Logan County,NE,Nebraska,-100.713877,41.393298,-100.251098,41.740127
county,31115,Loup,Loup County,NE,Nebraska,-99.686959,41.740326,-99.221738,42.088028
county,31117,McPherson,McPherson County,NE,Nebraska,-101.407268,41.393511,-100.711409,41.743586
county,31119,Madison,Madison County,NE,Nebraska,-97.834536,41.742234,-97.368053,42.090922
county,31121,Merrick,Merrick County,NE,Nebraska,-98.287168,40.868677,-97.598205,41.395068
county,31123,Morrill,Morrill County,NE,Nebraska,-103.371195,41.437766,-102.635803,42.005282
county,31125,Nance,Nance County,NE,Nebraska,-98.291419,41.264027,-97.703627,41.526947
county,31127,Nemaha,Nemaha County,NE,Nebraska,-96.067084,40.261224,-95.550966,40.562626
county,31129,Nuckolls,Nuckolls County,NE,Nebraska,-98.274051,40.001910,-97.820654,40.350684
county,31131,Otoe,Otoe County,NE,Nebraska,-96.463845,40.522770,-95.709974,40.784292
county,31133,Pawnee,Pawnee County,NE,Nebraska,-96.463801,40.000432,-96.010139,40.262542
county,31135,Perkins,Perkins County,NE,Nebraska,-102.051761,40.697542,-101.247963,41.003950
county,31137,Phelps,Phelps County,NE,Nebraska,-99.644405,40.350574,-99.179248,40.686105
county,31139,Pierce,Pierce County,NE,Nebraska,-97.834946,42.089750,-97.367590,42.438775
county,31141,Platte,Platte County,NE,Nebraska,-97.831215,41.333119,-97.252421,41.743207
county,31143,Polk,Polk County,NE,Nebraska,-97.828418,41.046559,-97.368022,41.396416
county,31145,Red Willow,Red Willow County,NE,Nebraska,-100.761019,40.001494,-100.193201,40.351502
county,31147,Richardson,Richardson County,NE,Nebraska,-96.010684,39.999998,-95.308290,40.262121
county,31149,Rock,Rock County,NE,Nebraska,-99.677684,42.086009,-99.234064,42.804296
county,31151,Saline,Saline County,NE,Nebraska,-97.368773,40.349670,-96.912206,40.698625
county,31153,Sarpy,Sarpy County,NE,Nebraska,-96.339805,40.994308,-95.841288,41.191202
county,31155,Saunders,Saunders County,NE,Nebraska,-96.909107,41.014991,-96.310983,41.453389
county,31157,Scotts Bluff,Scotts Bluff County,NE,Nebraska,-104.053026,41.697823,-103.361531,42.004197
county,31159,Seward,Seward County,NE,Nebraska,-97.368432,40.697940,-96.910495,41.046947
county,31161,Sheridan,Sheridan County,NE,Nebraska,-102.792870,42.004843,-102.006428,42.999980
county,31163,Sherman,Sherman County,NE,Nebraska,-99.207564,41.046629,-98.744330,41.394627
county,31165,Sioux,Sioux County,NE,Nebraska,-104.053125,42.000403,-103.401135,43.001708
county,31167,Stanton,Stanton County,NE,Nebraska,-97.368404,41.742980,-97.019330,42.090950
county,31169,Thayer,Thayer County,NE,Nebraska,-97.821496,40.001835,-97.368448,40.350634
county,31171,Thomas,Thomas County,NE,Nebraska,-100.846129,41.739632,-100.265474,42.088166
county,31173,Thurston,Thurston County,NE,Nebraska,-96.823670,42.015187,-96.266594,42.278005
county,31175,Valley,Valley County,NE,Nebraska,-99.212465,41.394084,-98.750822,41.740642
county,31177,Washington,Washington County,NE,Nebraska,-96.444785,41.393034,-95.919865,41.683633
county,31179,Wayne,Wayne County,NE,Nebraska,-97.368404,42.090410,-96.822457,42.351861
county,31181,Webster,Webster County,NE,Nebraska,-98.726827,40.002180,-98.273293,40.350545
county,31183,Wheeler,Wheeler County,NE,Nebraska,-98.761155,41.740372,-98.295409,42.088873
county,31185,York,York County,NE,Nebraska,-97.826287,40.698537,-97.368118,41.046947
county,32001,Churchill,Churchill County,NV,Nevada,-119.226139,39.073345,-117.461340,40.002603
county,32003,Clark,Clark County,NV,Nevada,-115.896925,35.001857,-114.042819,36.853473
county,32005,Douglas,Douglas County,NV,Nevada,-120.003402,38.535945,-119.310541,39.114009
county,32007,Elko,Elko County,NV,Nevada,-117.019524,40.116622,-114.039648,42.002207
county,32009,Esmeralda,Esmeralda County,NV,Nevada,-118.427800,36.971224,-117.165181,38.473797
county,32011,Eureka,Eureka County,NV,Nevada,-116.600983,39.161228,-115.794864,41.000398
county,32013,Humboldt,Humboldt County,NV,Nevada,-119.331068,40.526136,-117.017588,42.000380
county,32015,Lander,Lander County,NV,Nevada,-117.806786,39.093425,-116.586786,41.000398
county,32017,Lincoln,Lincoln County,NV,Nevada,-115.896925,36.841900,-114.048473,38.677461
county,32019,Lyon,Lyon County,NV,Nevada,-119.712112,38.413756,-118.755059,39.737129
county,32021,Mineral,Mineral County,NV,Nevada,-119.155569,37.893705,-117.691021,39.075191
county,32023,Nye,Nye County,NV,Nevada,-118.196274,35.964207,-115.000845,39.163430
county,32027,Pershing,Pershing County,NV,Nevada,-119.339296,39.998500,-117.299913,40.961027
county,32029,Storey,Storey County,NV,Nevada,-119.714070,39.250871,-119.279801,39.628890
county,32031,Washoe,Washoe County,NV,Nevada,-120.006455,39.165509,-119.170641,41.997641
county,32033,White Pine,White Pine County,NV,Nevada,-115.907233,38.677312,-114.046386,40.128550
county,32510,Carson City,Carson City,NV,Nevada,-120.004504,39.084799,-119.548308,39.251046
county,33001,Belknap,Belknap County,NH,New Hampshire,-71.731533,43.284994,-71.159364,43.760979
county,33003,Carroll,Carroll County,NH,New Hampshire,-71.564603,43.482913,-70.950838,44.284888
county,33005,Cheshire,Cheshire County,NH,New Hampshire,-72.557247,42.712238,-71.929019,43.181968
county,33007,Coos,Coos County,NH,New Hampshire,-71.765689,44.085752,-71.010271,45.305476
county,33009,Grafton,Grafton County,NH,New Hampshire,-72.334745,43.528857,-71.346656,44.406308
county,33011,Hillsborough,Hillsborough County,NH,New Hampshire,-72.062222,42.696990,-71.245539,43.207099
county,33013,Merrimack,Merrimack County,NH,New Hampshire,-72.090146,43.009309,-71.236011,43.611200
county,33015,Rockingham,Rockingham County,NH,New Hampshire,-71.451231,42.737590,-70.610621,43.275232
county,33017,Strafford,Strafford County,NH,New Hampshire,-71.247336,43.080422,-70.809640,43.572787
county,33019,Sullivan,Sullivan County,NH,New Hampshire,-72.452556,43.128807,-71.935310,43.600184
county,34001,Atlantic,Atlantic County,NJ,New Jersey,-74.985271,39.288566,-74.311918,39.729775
county,34003,Bergen,Bergen County,NJ,New Jersey,-74.272226,40.761590,-73.893628,41.133523
county,34005,Burlington,Burlington County,NJ,New Jersey,-75.060113,39.541198,-74.389708,40.183648
county,34007,Camden,Camden County,NJ,New Jersey,-75.139404,39.608352,-74.736216,39.995862
county,34009,Cape May,Cape May County,NJ,New Jersey,-74.971995,38.928519,-74.548662,39.324375
county,34011,Cumberland,Cumberland County,NJ,New Jersey,-75.419562,39.176724,-74.851885,39.568746
county,34013,Essex,Essex County,NJ,New Jersey,-74.377270,40.679501,-74.116993,40.908903
county,34015,Gloucester,Gloucester County,NJ,New Jersey,-75.429061,39.514967,-74.877260,39.888432
county,34017,Hudson,Hudson County,NJ,New Jersey,-74.166079,40.643631,-73.984802,40.823576
county,34019,Hunterdon,Hunterdon County,NJ,New Jersey,-75.195114,40.339427,-74.702703,40.787729
county,34021,Mercer,Mercer County,NJ,New Jersey,-74.942954,40.136976,-74.481103,40.424156
county,34023,Middlesex,Middlesex County,NJ,New Jersey,-74.631011,40.251358,-74.205153,40.608683
county,34025,Monmouth,Monmouth County,NJ,New Jersey,-74.614576,40.079130,-73.971817,40.478114
county,34027,Morris,Morris County,NJ,New Jersey,-74.889819,40.648447,-74.266605,41.086114
county,34029,Ocean,Ocean County,NJ,New Jersey,-74.553105,39.498537,-74.033603,40.172402
county,34031,Passaic,Passaic County,NJ,New Jersey,-74.503212,40.819938,-74.106786,41.203489
county,34033,Salem,Salem County,NJ,New Jersey,-75.559537,39.380286,-75.061854,39.796369
county,34035,Somerset,Somerset County,NJ,New Jersey,-74.797881,40.373749,-74.401751,40.758288
county,34037,Sussex,Sussex County,NJ,New Jersey,-74.991815,40.899180,-74.367384,41.357423
county,34039,Union,Union County,NJ,New Jersey,-74.463291,40.591950,-74.138816,40.739640
county,34041,Warren,Warren County,NJ,New Jersey,-75.203920,40.591642,-74.769425,41.094410
county,35001,Bernalillo,Bernalillo County,NM,New Mexico,-107.197244,34.869277,-106.149702,35.219459
county,35003,Catron,Catron County,NM,New Mexico,-109.047470,33.200950,-107.711401,34.580028
county,35005,Chaves,Chaves County,NM,New Mexico,-105.354010,32.518776,-103.509759,34.088407
county,35006,Cibola,Cibola County,NM,New Mexico,-109.046156,34.577822,-107.066562,35.348314
county,35007,Colfax,Colfax County,NM,New Mexico,-105.377700,36.217869,-104.007453,36.996239
county,35009,Curry,Curry County,NM,New Mexico,-103.740066,34.302648,-103.042521,34.954172
county,35011,De Baca,De Baca County,NM,New Mexico,-104.893377,33.995413,-103.945748,34.779337
county,35013,Doña Ana,Doña Ana County,NM,New Mexico,-107.299631,31.783148,-106.340515,33.052777
county,35015,Eddy,Eddy County,NM,New Mexico,-104.851524,31.997486,-103.722851,32.965395
county,35017,Grant,Grant County,NM,New Mexico,-109.047480,31.863614,-107.608485,33.209342
county,35019,Guadalupe,Guadalupe County,NM,New Mexico,-105.313072,34.347043,-104.125121,35.216490
county,35021,Harding,Harding County,NM,New Mexico,-104.439195,35.389534,-103.364977,36.218534
county,35023,Hidalgo,Hidalgo County,NM,New Mexico,-109.050173,31.332301,-108.208087,32.777794
county,35025,Lea,Lea County,NM,New Mexico,-103.814507,32.000208,-103.052611,33.570575
county,35027,Lincoln,Lincoln County,NM,New Mexico,-106.373660,33.131742,-104.885088,34.347205
county,35028,Los Alamos,Los Alamos County,NM,New Mexico,-106.418546,35.754274,-106.171852,35.973389
county,35029,Luna,Luna County,NM,New Mexico,-108.229951,31.783599,-107.296794,32.605471
county,35031,McKinley,McKinley County,NM,New Mexico,-109.046796,34.959081,-107.306122,36.002839
county,35033,Mora,Mora County,NM,New Mexico,-105.720529,35.754335,-104.327284,36.262143
county,35035,Otero,Otero County,NM,New Mexico,-106.377404,32.000078,-104.847637,33.390671
county,35037,Quay,Quay County,NM,New Mexico,-104.129217,34.604670,-103.041272,35.739516
county,35039,Rio Arriba,Rio Arriba County,NM,New Mexico,-107.626537,35.930636,-105.530100,37.000139
county,35041,Roosevelt,Roosevelt County,NM,New Mexico,-103.949170,33.570117,-103.043516,34.605058
county,35043,Sandoval,Sandoval County,NM,New Mexico,-107.626511,35.197762,-106.244216,36.219896
county,35045,San Juan,San Juan County,NM,New Mexico,-109.046183,36.000288,-107.420913,37.000005
county,35047,San Miguel,San Miguel County,NM,New Mexico,-105.722205,35.041605,-103.637026,35.871194
county,35049,Santa Fe,Santa Fe County,NM,New Mexico,-106.250499,35.040003,-105.714419,36.002320
county,35051,Sierra,Sierra County,NM,New Mexico,-108.000602,32.605370,-106.340515,33.480192
county,35053,Socorro,Socorro County,NM,New Mexico,-107.726695,33.475479,-105.924685,34.580627
county,35055,Taos,Taos County,NM,New Mexico,-106.058364,36.013014,-105.200117,36.996017
county,35057,Torrance,Torrance County,NM,New Mexico,-106.471182,34.259772,-105.290378,35.042030
county,35059,Union,Union County,NM,New Mexico,-104.009342,35.739433,-103.001964,37.000232
county,35061,Valencia,Valencia County,NM,New Mexico,-107.204381,34.437054,-106.411558,34.957578
county,36001,Albany,Albany County,NY,New York,-74.264755,42.407127,-73.676762,42.822577
county,36003,Allegany,Allegany County,NY,New York,-78.309316,41.998524,-77.722964,42.521845
county,36005,Bronx,Bronx County,NY,New York,-73.933787,40.785357,-73.765621,40.917705
county,36007,Broome,Broome County,NY,New York,-76.130181,41.997864,-75.359645,42.415702
county,36009,Cattaraugus,Cattaraugus County,NY,New York,-79.061265,41.997559,-78.308128,42.543280
county,36011,Cayuga,Cayuga County,NY,New York,-76.740201,42.618615,-76.265584,43.418044
county,36013,Chautauqua,Chautauqua County,NY,New York,-79.762152,41.998255,-79.059079,42.570201
county,36015,Chemung,Chemung County,NY,New York,-76.966109,42.000150,-76.535782,42.294386
county,36017,Chenango,Chenango County,NY,New York,-75.889832,42.194918,-75.292825,42.745421
county,36019,Clinton,Clinton County,NY,New York,-74.027392,44.429699,-73.333154,45.010840
county,36021,Columbia,Columbia County,NY,New York,-73.929626,41.977980,-73.352527,42.510002
county,36023,Cortland,Cortland County,NY,New York,-76.274673,42.407568,-75.864020,42.790964
county,36025,Delaware,Delaware County,NY,New York,-75.423038,41.848327,-74.428196,42.517799
county,36027,Dutchess,Dutchess County,NY,New York,-74.000108,41.438905,-73.487314,42.080906
county,36029,Erie,Erie County,NY,New York,-79.136893,42.438286,-78.461896,43.098686
county,36031,Essex,Essex County,NY,New York,-74.336826,43.744513,-73.293613,44.546844
county,36033,Franklin,Franklin County,NY,New York,-74.726228,44.099250,-73.909687,45.006194
county,36035,Fulton,Fulton County,NY,New York,-74.774233,42.982818,-74.097467,43.289003
county,36037,Genesee,Genesee County,NY,New York,-78.465505,42.862754,-77.904121,43.133561
county,36039,Greene,Greene County,NY,New York,-74.537310,42.096589,-73.773670,42.464231
county,36041,Hamilton,Hamilton County,NY,New York,-74.867712,43.214684,-74.046139,44.120552
county,36043,Herkimer,Herkimer County,NY,New York,-75.219106,42.824943,-74.696003,44.095939
county,36045,Jefferson,Jefferson County,NY,New York,-76.445999,43.668143,-75.446277,44.403289
county,36047,Kings,Kings County,NY,New York,-74.041712,40.570602,-73.833041,40.739400
county,36049,Lewis,Lewis County,NY,New York,-75.850914,43.419815,-75.110681,44.217730
county,36051,Livingston,Livingston County,NY,New York,-78.060784,42.471216,-77.486875,42.988372
county,36053,Madison,Madison County,NY,New York,-75.993394,42.723844,-75.239547,43.185164
county,36055,Monroe,Monroe County,NY,New York,-77.997290,42.939964,-77.371364,43.369159
county,36057,Montgomery,Montgomery County,NY,New York,-74.763303,42.772979,-74.083883,43.047423
county,36059,Nassau,Nassau County,NY,New York,-73.768761,40.578257,-73.423358,40.918304
county,36061,New York,New York County,NY,New York,-74.047410,40.683943,-73.907000,40.882207
county,36063,Niagara,Niagara County,NY,New York,-79.075367,43.018863,-78.460416,43.374884
county,36065,Oneida,Oneida County,NY,New York,-75.886756,42.863319,-75.069165,43.615229
county,36067,Onondaga,Onondaga County,NY,New York,-76.499312,42.771257,-75.896079,43.271539
county,36069,Ontario,Ontario County,NY,New York,-77.611670,42.576368,-76.963309,43.039887
county,36071,Orange,Orange County,NY,New York,-74.762466,41.143149,-73.947355,41.632738
county,36073,Orleans,Orleans County,NY,New York,-78.466429,43.128619,-77.995234,43.376505
county,36075,Oswego,Oswego County,NY,New York,-76.616925,43.155562,-75.756416,43.707018
county,36077,Otsego,Otsego County,NY,New York,-75.416932,42.314094,-74.630652,42.908363
county,36079,Putnam,Putnam County,NY,New York,-73.982532,41.321824,-73.530067,41.527194
county,36081,Queens,Queens County,NY,New York,-73.962620,40.543737,-73.700360,40.805790
county,36083,Rensselaer,Rensselaer County,NY,New York,-73.786078,42.464231,-73.264957,42.958650
county,36085,Richmond,Richmond County,NY,New York,-74.255629,40.496103,-74.053125,40.648601
county,36087,Rockland,Rockland County,NY,New York,-74.234300,40.997170,-73.887180,41.325420
county,36089,St. Lawrence,St. Lawrence County,NY,New York,-75.860051,44.050400,-74.525683,45.015850
county,36091,Saratoga,Saratoga County,NY,New York,-74.160100,42.775377,-73.573342,43.398041
county,36093,Schenectady,Schenectady County,NY,New York,-74.306665,42.710826,-73.809369,42.955868
county,36095,Schoharie,Schoharie County,NY,New York,-74.711580,42.355017,-74.164678,42.829558
county,36097,Schuyler,Schuyler County,NY,New York,-77.107203,42.233721,-76.619210,42.546790
county,36099,Seneca,Seneca County,NY,New York,-76.981334,42.541537,-76.585989,43.024035
county,36101,Steuben,Steuben County,NY,New York,-77.749931,41.998782,-76.965028,42.580409
county,36103,Suffolk,Suffolk County,NY,New York,-73.496886,40.609580,-71.856483,41.292340
county,36105,Sullivan,Sullivan County,NY,New York,-75.144744,41.421660,-74.364486,42.016375
county,36107,Tioga,Tioga County,NY,New York,-76.563565,41.998346,-76.080666,42.410337
county,36109,Tompkins,Tompkins County,NY,New York,-76.696655,42.262976,-76.237818,42.627416
county,36111,Ulster,Ulster County,NY,New York,-74.780693,41.580724,-73.910675,42.176992
county,36113,Warren,Warren County,NY,New York,-74.214625,43.222123,-73.436578,43.803687
county,36115,Washington,Washington County,NY,New York,-73.636651,42.941222,-73.241390,43.808476
county,36117,Wayne,Wayne County,NY,New York,-77.376055,43.012463,-76.702325,43.343737
county,36119,Westchester,Westchester County,NY,New York,-73.983284,40.880021,-73.482709,41.366540
county,36121,Wyoming,Wyoming County,NY,New York,-78.487957,42.519193,-77.954640,42.870254
county,36123,Yates,Yates County,NY,New York,-77.367159,42.459186,-76.889805,42.764430
county,37001,Alamance,Alamance County,NC,North Carolina,-79.542428,35.843303,-79.236600,36.249673
county,37003,Alexander,Alexander County,NC,North Carolina,-81.344034,35.776594,-81.003400,36.045652
county,37005,Alleghany,Alleghany County,NC,North Carolina,-81.353259,36.366057,-80.901665,36.575024
county,37007,Anson,Anson County,NC,North Carolina,-80.320807,34.806551,-79.848479,35.211067
county,37009,Ashe,Ashe County,NC,North Carolina,-81.741995,36.240250,-81.244236,36.588117
county,37011,Avery,Avery County,NC,North Carolina,-82.081004,35.911361,-81.735673,36.287113
county,37013,Beaufort,Beaufort County,NC,North Carolina,-77.195772,35.216080,-76.468929,35.739473
county,37015,Bertie,Bertie County,NC,North Carolina,-77.327993,35.811868,-76.681915,36.246578
county,37017,Bladen,Bladen County,NC,North Carolina,-78.901998,34.367622,-78.176501,34.856182
county,37019,Brunswick,Brunswick County,NC,North Carolina,-78.650385,33.842316,-77.930956,34.371711
county,37021,Buncombe,Buncombe County,NC,North Carolina,-82.888107,35.416450,-82.169049,35.824082
county,37023,Burke,Burke County,NC,North Carolina,-81.986939,35.558311,-81.363796,35.999909
county,37025,Cabarrus,Cabarrus County,NC,North Carolina,-80.787091,35.184998,-80.295421,35.506425
county,37027,Caldwell,Caldwell County,NC,North Carolina,-81.810516,35.757192,-81.328324,36.122619
county,37029,Camden,Camden County,NC,North Carolina,-76.541536,36.164550,-75.912563,36.550951
county,37031,Carteret,Carteret County,NC,North Carolina,-77.167769,34.591552,-76.036746,35.076411
county,37033,Caswell,Caswell County,NC,North Carolina,-79.531865,36.241875,-79.138331,36.541738
county,37035,Catawba,Catawba County,NC,North Carolina,-81.535403,35.547020,-80.925213,35.828958
county,37037,Chatham,Chatham County,NC,North Carolina,-79.555804,35.515039,-78.906071,35.876810
county,37039,Cherokee,Cherokee County,NC,North Carolina,-84.321869,34.987321,-83.690113,35.292188
county,37041,Chowan,Chowan County,NC,North Carolina,-76.722321,36.006516,-76.408108,36.351056
county,37043,Clay,Clay County,NC,North Carolina,-84.005821,34.986592,-83.482952,35.161177
county,37045,Cleveland,Cleveland County,NC,North Carolina,-81.768109,35.163405,-81.321729,35.584576
county,37047,Columbus,Columbus County,NC,North Carolina,-79.071244,33.944338,-78.162350,34.484778
county,37049,Craven,Craven County,NC,North Carolina,-77.473692,34.808917,-76.652571,35.418362
county,37051,Cumberland,Cumberland County,NC,North Carolina,-79.112853,34.834862,-78.494705,35.266905
county,37053,Currituck,Currituck County,NC,North Carolina,-76.313303,36.072200,-75.773330,36.550654
county,37055,Dare,Dare County,NC,North Carolina,-76.013022,35.196474,-75.460621,36.231528
county,37057,Davidson,Davidson County,NC,North Carolina,-80.487419,35.504141,-80.043238,36.026808
county,37059,Davie,Davie County,NC,North Carolina,-80.707824,35.742758,-80.365225,36.062625
county,37061,Duplin,Duplin County,NC,North Carolina,-78.198642,34.710201,-77.651070,35.193742
county,37063,Durham,Durham County,NC,North Carolina,-79.016305,35.863210,-78.699847,36.239320
county,37065,Edgecombe,Edgecombe County,NC,North Carolina,-77.828444,35.674935,-77.342418,36.154487
county,37067,Forsyth,Forsyth County,NC,North Carolina,-80.516682,35.972762,-80.035119,36.261515
county,37069,Franklin,Franklin County,NC,North Carolina,-78.546414,35.818120,-78.006551,36.266191
county,37071,Gaston,Gaston County,NC,North Carolina,-81.455600,35.148443,-80.923042,35.419811
county,37073,Gates,Gates County,NC,North Carolina,-76.950510,36.296138,-76.453711,36.552093
county,37075,Graham,Graham County,NC,North Carolina,-84.038327,35.216912,-83.582386,35.466514
county,37077,Granville,Granville County,NC,North Carolina,-78.807484,36.021826,-78.453543,36.542474
county,37079,Greene,Greene County,NC,North Carolina,-77.826744,35.347344,-77.474281,35.652295
county,37081,Guilford,Guilford County,NC,North Carolina,-80.046869,35.899851,-79.532410,36.257184
county,37083,Halifax,Halifax County,NC,North Carolina,-78.006551,36.003609,-77.230210,36.511972
county,37085,Harnett,Harnett County,NC,North Carolina,-79.223021,35.192068,-78.529851,35.584102
county,37087,Haywood,Haywood County,NC,North Carolina,-83.256111,35.291684,-82.745139,35.791735
county,37089,Henderson,Henderson County,NC,North Carolina,-82.745139,35.143666,-82.261305,35.500220
county,37091,Hertford,Hertford County,NC,North Carolina,-77.208606,36.238130,-76.693799,36.546305
county,37093,Hoke,Hoke County,NC,North Carolina,-79.458751,34.833717,-79.034768,35.213796
county,37095,Hyde,Hyde County,NC,North Carolina,-76.637513,35.065987,-75.773610,35.705215
county,37097,Iredell,Iredell County,NC,North Carolina,-81.109507,35.488473,-80.693197,36.058810
county,37099,Jackson,Jackson County,NC,North Carolina,-83.363732,35.001354,-82.919185,35.526024
county,37101,Johnston,Johnston County,NC,North Carolina,-78.708902,35.254672,-78.064784,35.818120
county,37103,Jones,Jones County,NC,North Carolina,-77.731026,34.780385,-77.047409,35.243001
county,37105,Lee,Lee County,NC,North Carolina,-79.359898,35.307161,-78.969640,35.628287
county,37107,Lenoir,Lenoir County,NC,North Carolina,-77.834249,35.008138,-77.390794,35.426771
county,37109,Lincoln,Lincoln County,NC,North Carolina,-81.537599,35.400078,-80.939734,35.568137
county,37111,McDowell,McDowell County,NC,North Carolina,-82.294907,35.518002,-81.824122,35.960050
county,37113,Macon,Macon County,NC,North Carolina,-83.738129,34.993483,-83.108492,35.330993
county,37115,Madison,Madison County,NC,North Carolina,-82.962898,35.678235,-82.408602,36.065805
county,37117,Martin,Martin County,NC,North Carolina,-77.409200,35.658848,-76.760598,36.071361
county,37119,Mecklenburg,Mecklenburg County,NC,North Carolina,-81.058029,35.001616,-80.550349,35.514785
county,37121,Mitchell,Mitchell County,NC,North Carolina,-82.416661,35.822728,-81.979036,36.159112
county,37123,Montgomery,Montgomery County,NC,North Carolina,-80.182559,35.137189,-79.614288,35.511484
county,37125,Moore,Moore County,NC,North Carolina,-79.767957,35.043028,-79.095808,35.518002
county,37127,Nash,Nash County,NC,North Carolina,-78.257021,35.727902,-77.697956,36.202633
county,37129,New Hanover,New Hanover County,NC,North Carolina,-78.029922,33.929241,-77.710488,34.389359
county,37131,Northampton,Northampton County,NC,North Carolina,-77.900080,36.164906,-77.066194,36.547315
county,37133,Onslow,Onslow County,NC,North Carolina,-77.680127,34.440874,-77.105153,34.984460
county,37135,Orange,Orange County,NC,North Carolina,-79.268434,35.860780,-78.950597,36.243445
county,37137,Pamlico,Pamlico County,NC,North Carolina,-76.987537,34.963781,-76.467439,35.335497
county,37139,Pasquotank,Pasquotank County,NC,North Carolina,-76.491405,36.123518,-76.059271,36.510677
county,37141,Pender,Pender County,NC,North Carolina,-78.272582,34.292574,-77.518381,34.732630
county,37143,Perquimans,Perquimans County,NC,North Carolina,-76.590107,36.074856,-76.191716,36.378092
county,37145,Person,Person County,NC,North Carolina,-79.153997,36.235794,-78.794845,36.542154
county,37147,Pitt,Pitt County,NC,North Carolina,-77.700692,35.327736,-77.084643,35.833062
county,37149,Polk,Polk County,NC,North Carolina,-82.359256,35.184789,-81.962806,35.409354
county,37151,Randolph,Randolph County,NC,North Carolina,-80.066842,35.505661,-79.541728,35.920693
county,37153,Richmond,Richmond County,NC,North Carolina,-80.075669,34.804973,-79.458751,35.183855
county,37155,Robeson,Robeson County,NC,North Carolina,-79.461563,34.299303,-78.805431,34.952715
county,37157,Rockingham,Rockingham County,NC,North Carolina,-80.035119,36.241463,-79.513647,36.542838
county,37159,Rowan,Rowan County,NC,North Carolina,-80.771582,35.501964,-80.182866,35.863497
county,37161,Rutherford,Rutherford County,NC,North Carolina,-82.280529,35.180388,-81.691989,35.613588
county,37163,Sampson,Sampson County,NC,North Carolina,-78.672292,34.553595,-78.113377,35.316410
county,37165,Scotland,Scotland County,NC,North Carolina,-79.692946,34.630298,-79.331130,35.043639
county,37167,Stanly,Stanly County,NC,North Carolina,-80.505931,35.143081,-80.051225,35.504151
county,37169,Stokes,Stokes County,NC,North Carolina,-80.451925,36.257184,-80.027339,36.550640
county,37171,Surry,Surry County,NC,North Carolina,-80.973643,36.236305,-80.440341,36.562349
county,37173,Swain,Swain County,NC,North Carolina,-83.952882,35.279182,-83.156037,35.696061
county,37175,Transylvania,Transylvania County,NC,North Carolina,-83.056889,35.027626,-82.574168,35.422967
county,37177,Tyrrell,Tyrrell County,NC,North Carolina,-76.405971,35.598049,-76.011421,35.994787
county,37179,Union,Union County,NC,North Carolina,-80.840366,34.814081,-80.276829,35.208412
county,37181,Vance,Vance County,NC,North Carolina,-78.511224,36.163660,-78.277165,36.543808
county,37183,Wake,Wake County,NC,North Carolina,-78.995048,35.519458,-78.253766,36.076443
county,37185,Warren,Warren County,NC,North Carolina,-78.323988,36.202633,-77.899524,36.544663
county,37187,Washington,Washington County,NC,North Carolina,-76.847264,35.697579,-76.353554,35.982094
county,37189,Watauga,Watauga County,NC,North Carolina,-81.918111,36.111459,-81.455792,36.391219
county,37191,Wayne,Wayne County,NC,North Carolina,-78.306580,35.146618,-77.799861,35.597806
county,37193,Wilkes,Wilkes County,NC,North Carolina,-81.545488,35.994829,-80.868746,36.440408
county,37195,Wilson,Wilson County,NC,North Carolina,-78.192117,35.583474,-77.665131,35.867208
county,37197,Yadkin,Yadkin County,NC,North Carolina,-80.881591,36.046545,-80.432169,36.287929
county,37199,Yancey,Yancey County,NC,North Carolina,-82.505454,35.698677,-82.133484,36.084542
county,38001,Adams,Adams County,ND,North Dakota,-102.995497,45.944515,-101.997930,46.283195
county,38003,Barnes,Barnes County,ND,North Dakota,-98.467530,46.629928,-97.681416,47.241282
county,38005,Benson,Benson County,ND,North Dakota,-99.848222,47.846221,-98.525516,48.371200
county,38007,Billings,Billings County,ND,North Dakota,-103.667476,46.629651,-103.032366,47.329256
county,38009,Bottineau,Bottineau County,ND,North Dakota,-101.496684,48.544627,-100.145494,48.999662
county,38011,Bowman,Bowman County,ND,North Dakota,-104.046822,45.944797,-102.995245,46.280699
county,38013,Burke,Burke County,ND,North Dakota,-102.939932,48.546276,-102.021216,48.999458
county,38015,Burleigh,Burleigh County,ND,North Dakota,-100.965440,46.633396,-100.075229,47.327685
county,38017,Cass,Cass County,ND,North Dakota,-97.706174,46.629348,-96.753257,47.239977
county,38019,Cavalier,Cavalier County,ND,North Dakota,-99.000839,48.543124,-97.927069,49.000515
county,38021,Dickey,Dickey County,ND,North Dakota,-99.005754,45.936095,-98.006715,46.283009
county,38023,Divide,Divide County,ND,North Dakota,-104.048900,48.633219,-102.885563,48.999877
county,38025,Dunn,Dunn County,ND,North Dakota,-103.099766,46.980580,-102.144398,47.823713
county,38027,Eddy,Eddy County,ND,North Dakota,-99.297380,47.587215,-98.499981,47.847592
county,38029,Emmons,Emmons County,ND,North Dakota,-100.662015,45.941670,-99.878354,46.634925
county,38031,Foster,Foster County,ND,North Dakota,-99.266306,47.326538,-98.499246,47.587823
county,38033,Golden Valley,Golden Valley County,ND,North Dakota,-104.045901,46.540671,-103.609016,47.330140
county,38035,Grand Forks,Grand Forks County,ND,North Dakota,-97.903599,47.672051,-96.885116,48.194960
county,38037,Grant,Grant County,ND,North Dakota,-102.096744,46.006836,-101.023951,46.717834
county,38039,Griggs,Griggs County,ND,North Dakota,-98.500312,47.240325,-97.960188,47.672554
county,38041,Hettinger,Hettinger County,ND,North Dakota,-102.927451,46.205280,-101.997930,46.631056
county,38043,Kidder,Kidder County,ND,North Dakota,-100.114637,46.631630,-99.445891,47.327342
county,38045,LaMoure,LaMoure County,ND,North Dakota,-99.037446,46.282657,-98.033480,46.631216
county,38047,Logan,Logan County,ND,North Dakota,-99.917285,46.282462,-99.036551,46.632926
county,38049,McHenry,McHenry County,ND,North Dakota,-101.059915,47.847347,-100.197558,48.632815
county,38051,McIntosh,McIntosh County,ND,North Dakota,-99.880062,45.939944,-99.003089,46.283380
county,38053,McKenzie,McKenzie County,ND,North Dakota,-104.045333,47.328556,-102.551583,48.146495
county,38055,McLean,McLean County,ND,North Dakota,-102.385758,47.156946,-100.584901,47.848703
county,38057,Mercer,Mercer County,ND,North Dakota,-102.205808,46.981259,-101.257031,47.574605
county,38059,Morton,Morton County,ND,North Dakota,-102.097197,46.284414,-100.544136,46.982840
county,38061,Mountrail,Mountrail County,ND,North Dakota,-102.885862,47.751409,-101.871537,48.546568
county,38063,Nelson,Nelson County,ND,North Dakota,-98.525781,47.672131,-97.882041,48.195177
county,38065,Oliver,Oliver County,ND,North Dakota,-101.764677,46.981017,-100.878371,47.296523
county,38067,Pembina,Pembina County,ND,North Dakota,-97.950690,48.542177,-97.090328,49.000574
county,38069,Pierce,Pierce County,ND,North Dakota,-100.276629,47.847257,-99.492919,48.545211
county,38071,Ramsey,Ramsey County,ND,North Dakota,-99.200306,47.915056,-98.291852,48.544232
county,38073,Ransom,Ransom County,ND,North Dakota,-98.034913,46.282282,-97.279806,46.630727
county,38075,Renville,Renville County,ND,North Dakota,-102.021643,48.458448,-101.059663,48.999670
county,38077,Richland,Richland County,ND,North Dakota,-97.280692,45.935141,-96.554507,46.631435
county,38079,Rolette,Rolette County,ND,North Dakota,-100.183034,48.544789,-99.492915,48.999309
county,38081,Sargent,Sargent County,ND,North Dakota,-98.008102,45.935054,-97.228291,46.282626
county,38083,Sheridan,Sheridan County,ND,North Dakota,-100.673286,47.327165,-100.032810,47.847761
county,38085,Sioux,Sioux County,ND,North Dakota,-101.998734,45.943642,-100.506719,46.429294
county,38087,Slope,Slope County,ND,North Dakota,-104.046103,46.279781,-102.924547,46.630070
county,38089,Stark,Stark County,ND,North Dakota,-103.231656,46.629702,-102.095904,47.010418
county,38091,Steele,Steele County,ND,North Dakota,-97.986428,47.239018,-97.451512,47.672303
county,38093,Stutsman,Stutsman County,ND,North Dakota,-99.481292,46.628826,-98.438835,47.327197
county,38095,Towner,Towner County,ND,North Dakota,-99.525895,48.370414,-98.970300,48.999986
county,38097,Traill,Traill County,ND,North Dakota,-97.474228,47.237732,-96.828800,47.672201
county,38099,Walsh,Walsh County,ND,North Dakota,-98.318380,48.193678,-97.112231,48.543773
county,38101,Ward,Ward County,ND,North Dakota,-102.234046,47.847560,-100.970456,48.807200
county,38103,Wells,Wells County,ND,North Dakota,-100.069608,47.326975,-99.265710,47.847549
county,38105,Williams,Williams County,ND,North Dakota,-104.048212,47.955950,-102.827964,48.633911
county,39001,Adams,Adams County,OH,Ohio,-83.705314,38.596588,-83.267067,39.055197
county,39003,Allen,Allen County,OH,Ohio,-84.397374,40.643069,-83.879834,40.920429
county,39005,Ashland,Ashland County,OH,Ohio,-82.436916,40.555001,-82.125010,41.066007
county,39007,Ashtabula,Ashtabula County,OH,Ohio,-81.003126,41.498414,-80.519157,41.977164
county,39009,Athens,Athens County,OH,Ohio,-82.298476,39.180524,-81.721810,39.556574
county,39011,Auglaize,Auglaize County,OH,Ohio,-84.456180,40.354534,-83.880039,40.686080
county,39013,Belmont,Belmont County,OH,Ohio,-81.237316,39.849982,-80.702924,40.172694
county,39015,Brown,Brown County,OH,Ohio,-84.052670,38.639761,-83.673018,39.254096
county,39017,Butler,Butler County,OH,Ohio,-84.819451,39.292287,-84.331682,39.591024
county,39019,Carroll,Carroll County,OH,Ohio,-81.321659,40.424700,-80.860822,40.729147
county,39021,Champaign,Champaign County,OH,Ohio,-84.036069,40.010818,-83.494498,40.273459
county,39023,Clark,Clark County,OH,Ohio,-84.053713,39.768812,-83.512625,40.040182
county,39025,Clermont,Clermont County,OH,Ohio,-84.320028,38.770475,-83.989921,39.270860
county,39027,Clinton,Clinton County,OH,Ohio,-84.007454,39.222845,-83.576286,39.569402
county,39029,Columbiana,Columbiana County,OH,Ohio,-81.087391,40.582496,-80.518991,40.930200
county,39031,Coshocton,Coshocton County,OH,Ohio,-82.195911,40.150976,-81.616307,40.456382
county,39033,Crawford,Crawford County,OH,Ohio,-83.112737,40.702550,-82.724184,40.996943
county,39035,Cuyahoga,Cuyahoga County,OH,Ohio,-81.971262,41.275044,-81.374772,41.631348
county,39037,Darke,Darke County,OH,Ohio,-84.812433,39.916528,-84.425902,40.354259
county,39039,Defiance,Defiance County,OH,Ohio,-84.804063,41.165441,-84.227359,41.427810
county,39041,Delaware,Delaware County,OH,Ohio,-83.249591,40.125855,-82.744931,40.443989
county,39043,Erie,Erie County,OH,Ohio,-82.901930,41.283874,-82.342337,41.623860
county,39045,Fairfield,Fairfield County,OH,Ohio,-82.842953,39.554445,-82.366051,39.941162
county,39047,Fayette,Fayette County,OH,Ohio,-83.670196,39.377416,-83.252435,39.716883
county,39049,Franklin,Franklin County,OH,Ohio,-83.260877,39.794996,-82.761827,40.143077
county,39051,Fulton,Fulton County,OH,Ohio,-84.399547,41.485519,-83.877368,41.720089
county,39053,Gallia,Gallia County,OH,Ohio,-82.582683,38.582588,-82.095465,39.035079
county,39055,Geauga,Geauga County,OH,Ohio,-81.391945,41.347321,-81.002781,41.715137
county,39057,Greene,Greene County,OH,Ohio,-84.114174,39.550254,-83.647169,39.850714
county,39059,Guernsey,Guernsey County,OH,Ohio,-81.728611,39.839104,-81.225924,40.222468
county,39061,Hamilton,Hamilton County,OH,Ohio,-84.820157,39.022081,-84.256374,39.312056
county,39063,Hancock,Hancock County,OH,Ohio,-83.881149,40.818134,-83.420319,41.168528
county,39065,Hardin,Hardin County,OH,Ohio,-83.880338,40.504077,-83.415624,40.819919
county,39067,Harrison,Harrison County,OH,Ohio,-81.339565,40.159495,-80.865504,40.433486
county,39069,Henry,Henry County,OH,Ohio,-84.341902,41.165862,-83.881149,41.487543
county,39071,Highland,Highland County,OH,Ohio,-83.872214,39.018890,-83.343479,39.378736
county,39073,Hocking,Hocking County,OH,Ohio,-82.748591,39.361566,-82.159161,39.661704
county,39075,Holmes,Holmes County,OH,Ohio,-82.221118,40.443892,-81.648921,40.668410
county,39077,Huron,Huron County,OH,Ohio,-82.841475,40.992917,-82.336496,41.290023
county,39079,Jackson,Jackson County,OH,Ohio,-82.807090,38.844478,-82.424693,39.207967
county,39081,Jefferson,Jefferson County,OH,Ohio,-80.941911,40.155111,-80.594794,40.599404
county,39083,Knox,Knox County,OH,Ohio,-82.750747,40.239071,-82.178540,40.573102
county,39085,Lake,Lake County,OH,Ohio,-81.488923,41.569670,-81.002191,41.853055
county,39087,Lawrence,Lawrence County,OH,Ohio,-82.815981,38.403202,-82.287102,38.849073
county,39089,Licking,Licking County,OH,Ohio,-82.782495,39.913260,-82.182823,40.276996
county,39091,Logan,Logan County,OH,Ohio,-84.014763,40.229370,-83.519727,40.538694
county,39093,Lorain,Lorain County,OH,Ohio,-82.348070,41.063537,-81.876960,41.515513
county,39095,Lucas,Lucas County,OH,Ohio,-83.883234,41.414240,-83.101873,41.742510
county,39097,Madison,Madison County,OH,Ohio,-83.653386,39.695438,-83.206273,40.111468
county,39099,Mahoning,Mahoning County,OH,Ohio,-81.086726,40.899782,-80.518927,41.134398
county,39101,Marion,Marion County,OH,Ohio,-83.420251,40.433795,-82.858302,40.705019
county,39103,Medina,Medina County,OH,Ohio,-82.173359,40.988198,-81.684950,41.277225
county,39105,Meigs,Meigs County,OH,Ohio,-82.323894,38.873869,-81.742153,39.205494
county,39107,Mercer,Mercer County,OH,Ohio,-84.804131,40.351728,-84.431632,40.728306
county,39109,Miami,Miami County,OH,Ohio,-84.436332,39.879810,-84.022919,40.200004
county,39111,Monroe,Monroe County,OH,Ohio,-81.319120,39.540048,-80.821279,39.869471
county,39113,Montgomery,Montgomery County,OH,Ohio,-84.485653,39.578230,-84.051012,39.922970
county,39115,Morgan,Morgan County,OH,Ohio,-82.080224,39.449172,-81.586132,39.770960
county,39117,Morrow,Morrow County,OH,Ohio,-83.022079,40.345076,-82.623609,40.712527
county,39119,Muskingum,Muskingum County,OH,Ohio,-82.233974,39.755572,-81.691104,40.166880
county,39121,Noble,Noble County,OH,Ohio,-81.697461,39.583318,-81.234053,39.953633
county,39123,Ottawa,Ottawa County,OH,Ohio,-83.415941,41.457169,-82.711584,41.724549
county,39125,Paulding,Paulding County,OH,Ohio,-84.803550,40.989394,-84.341602,41.253485
county,39127,Perry,Perry County,OH,Ohio,-82.472402,39.550217,-82.024219,39.930380
county,39129,Pickaway,Pickaway County,OH,Ohio,-83.266737,39.468062,-82.731518,39.812503
county,39131,Pike,Pike County,OH,Ohio,-83.385637,38.948073,-82.785891,39.197585
county,39133,Portage,Portage County,OH,Ohio,-81.393284,40.987781,-81.002015,41.348272
county,39135,Preble,Preble County,OH,Ohio,-84.815156,39.566604,-84.478927,39.918491
county,39137,Putnam,Putnam County,OH,Ohio,-84.399486,40.859099,-83.880423,41.167824
county,39139,Richland,Richland County,OH,Ohio,-82.727164,40.549879,-82.336962,40.995638
county,39141,Ross,Ross County,OH,Ohio,-83.394005,39.167768,-82.740615,39.516249
county,39143,Sandusky,Sandusky County,OH,Ohio,-83.419843,41.253252,-82.840087,41.501189
county,39145,Scioto,Scioto County,OH,Ohio,-83.270817,38.570718,-82.650039,39.015791
county,39147,Seneca,Seneca County,OH,Ohio,-83.421232,40.991889,-82.829512,41.256880
county,39149,Shelby,Shelby County,OH,Ohio,-84.434631,40.183945,-84.001937,40.483161
county,39151,Stark,Stark County,OH,Ohio,-81.649110,40.634525,-81.086312,40.988717
county,39153,Summit,Summit County,OH,Ohio,-81.688491,40.906502,-81.391694,41.351157
county,39155,Trumbull,Trumbull County,OH,Ohio,-81.003325,41.133218,-80.518693,41.501478
county,39157,Tuscarawas,Tuscarawas County,OH,Ohio,-81.712383,40.214077,-81.264744,40.666955
county,39159,Union,Union County,OH,Ohio,-83.551338,40.107073,-83.169872,40.507078
county,39161,Van Wert,Van Wert County,OH,Ohio,-84.803258,40.684862,-84.340101,40.990315
county,39163,Vinton,Vinton County,OH,Ohio,-82.762892,39.027674,-82.260243,39.395767
county,39165,Warren,Warren County,OH,Ohio,-84.365232,39.255112,-83.976987,39.589577
county,39167,Washington,Washington County,OH,Ohio,-81.853668,39.215835,-81.036783,39.645976
county,39169,Wayne,Wayne County,OH,Ohio,-82.129334,40.667193,-81.647640,40.991807
county,39171,Williams,Williams County,OH,Ohio,-84.806209,41.426051,-84.341664,41.705860
county,39173,Wood,Wood County,OH,Ohio,-83.883520,41.165751,-83.414577,41.619110
county,39175,Wyandot,Wyandot County,OH,Ohio,-83.515883,40.686823,-83.111360,40.993491
county,40001,Adair,Adair County,OK,Oklahoma,-94.807757,35.638328,-94.472647,36.161900
county,40003,Alfalfa,Alfalfa County,OK,Oklahoma,-98.544989,36.463105,-98.104286,36.998996
county,40005,Atoka,Atoka County,OK,Oklahoma,-96.407517,34.156572,-95.671750,34.680556
county,40007,Beaver,Beaver County,OK,Oklahoma,-100.954348,36.499240,-100.002563,37.002206
county,40009,Beckham,Beckham County,OK,Oklahoma,-100.000389,35.029889,-99.360149,35.508950
county,40011,Blaine,Blaine County,OK,Oklahoma,-98.636899,35.551329,-98.206841,36.165372
county,40013,Bryan,Bryan County,OK,Oklahoma,-96.630022,33.686379,-95.751290,34.157348
county,40015,Caddo,Caddo County,OK,Oklahoma,-98.623788,34.854988,-98.091096,35.551639
county,40017,Canadian,Canadian County,OK,Oklahoma,-98.313326,35.323762,-97.671356,35.726066
county,40019,Carter,Carter County,OK,Oklahoma,-97.562632,34.070952,-96.933256,34.507036
county,40021,Cherokee,Cherokee County,OK,Oklahoma,-95.283095,35.638464,-94.797315,36.161763
county,40023,Choctaw,Choctaw County,OK,Oklahoma,-95.991578,33.864188,-95.155886,34.157002
county,40025,Cimarron,Cimarron County,OK,Oklahoma,-103.002565,36.500324,-102.028207,37.000104
county,40027,Cleveland,Cleveland County,OK,Oklahoma,-97.671463,34.927417,-97.141687,35.377368
county,40029,Coal,Coal County,OK,Oklahoma,-96.513787,34.418294,-96.091885,34.767580
county,40031,Comanche,Comanche County,OK,Oklahoma,-98.826303,34.405948,-98.089010,34.855595
county,40033,Cotton,Cotton County,OK,Oklahoma,-98.662004,34.062270,-98.138962,34.507135
county,40035,Craig,Craig County,OK,Oklahoma,-95.431769,36.509822,-94.993385,36.999580
county,40037,Creek,Creek County,OK,Oklahoma,-96.622863,35.638818,-96.029477,36.163500
county,40039,Custer,Custer County,OK,Oklahoma,-99.377052,35.464225,-98.623244,35.812710
county,40041,Delaware,Delaware County,OK,Oklahoma,-95.011328,36.161455,-94.562828,36.670631
county,40043,Dewey,Dewey County,OK,Oklahoma,-99.382205,35.812092,-98.631982,36.164894
county,40045,Ellis,Ellis County,OK,Oklahoma,-100.003811,35.841955,-99.381022,36.593292
county,40047,Garfield,Garfield County,OK,Oklahoma,-98.104575,36.164462,-97.460519,36.593637
county,40049,Garvin,Garvin County,OK,Oklahoma,-97.668512,34.506598,-96.932262,34.855310
county,40051,Grady,Grady County,OK,Oklahoma,-98.096014,34.681163,-97.668099,35.378433
county,40053,Grant,Grant County,OK,Oklahoma,-98.111985,36.593297,-97.462220,36.999090
county,40055,Greer,Greer County,OK,Oklahoma,-99.888444,34.724555,-99.246418,35.117014
county,40057,Harmon,Harmon County,OK,Oklahoma,-100.000384,34.506787,-99.666223,35.030263
county,40059,Harper,Harper County,OK,Oklahoma,-100.003864,36.592754,-99.294944,37.001706
county,40061,Haskell,Haskell County,OK,Oklahoma,-95.455190,35.057658,-94.813629,35.458894
county,40063,Hughes,Hughes County,OK,Oklahoma,-96.490786,34.766839,-95.981200,35.290183
county,40065,Jackson,Jackson County,OK,Oklahoma,-99.844658,34.336516,-99.037094,34.859556
county,40067,Jefferson,Jefferson County,OK,Oklahoma,-98.139298,33.849001,-97.536818,34.289889
county,40069,Johnston,Johnston County,OK,Oklahoma,-96.933503,34.114100,-96.407028,34.506128
county,40071,Kay,Kay County,OK,Oklahoma,-97.462477,36.593627,-96.749838,36.999233
county,40073,Kingfisher,Kingfisher County,OK,Oklahoma,-98.210405,35.725093,-97.674026,36.165039
county,40075,Kiowa,Kiowa County,OK,Oklahoma,-99.409291,34.594366,-98.619816,35.123975
county,40077,Latimer,Latimer County,OK,Oklahoma,-95.514475,34.680537,-94.927664,35.058520
county,40079,Le Flore,Le Flore County,OK,Oklahoma,-95.059958,34.507263,-94.431596,35.386122
county,40081,Lincoln,Lincoln County,OK,Oklahoma,-97.141689,35.462707,-96.619348,35.942290
county,40083,Logan,Logan County,OK,Oklahoma,-97.675727,35.724401,-97.140455,36.164777
county,40085,Love,Love County,OK,Oklahoma,-97.560898,33.716941,-96.934791,34.071190
county,40087,McClain,McClain County,OK,Oklahoma,-97.671415,34.854496,-96.930421,35.337465
county,40089,McCurtain,McCurtain County,OK,Oklahoma,-95.156736,33.615833,-94.461149,34.507457
county,40091,McIntosh,McIntosh County,OK,Oklahoma,-95.983130,35.142501,-95.344762,35.551807
county,40093,Major,Major County,OK,Oklahoma,-98.960893,36.161217,-98.103726,36.506914
county,40095,Marshall,Marshall County,OK,Oklahoma,-96.969736,33.824406,-96.547515,34.172748
county,40097,Mayes,Mayes County,OK,Oklahoma,-95.440020,36.074544,-95.005435,36.510619
county,40099,Murray,Murray County,OK,Oklahoma,-97.352217,34.332235,-96.827144,34.637126
county,40101,Muskogee,Muskogee County,OK,Oklahoma,-95.766265,35.261636,-95.049933,35.856705
county,40103,Noble,Noble County,OK,Oklahoma,-97.461603,36.159072,-96.888017,36.600663
county,40105,Nowata,Nowata County,OK,Oklahoma,-95.809902,36.597427,-95.407733,36.999371
county,40107,Okfuskee,Okfuskee County,OK,Oklahoma,-96.624681,35.289769,-95.981465,35.639312
county,40109,Oklahoma,Oklahoma County,OK,Oklahoma,-97.674052,35.376860,-97.140801,35.725970
county,40111,Okmulgee,Okmulgee County,OK,Oklahoma,-96.192700,35.376678,-95.712953,35.857197
county,40113,Osage,Osage County,OK,Oklahoma,-97.064479,36.160870,-96.000636,36.999286
county,40115,Ottawa,Ottawa County,OK,Oklahoma,-95.037735,36.667472,-94.617964,36.999529
county,40117,Pawnee,Pawnee County,OK,Oklahoma,-97.032118,36.158886,-96.242823,36.565407
county,40119,Payne,Payne County,OK,Oklahoma,-97.354132,35.940687,-96.619655,36.246541
county,40121,Pittsburg,Pittsburg County,OK,Oklahoma,-96.092043,34.593528,-95.349409,35.300899
county,40123,Pontotoc,Pontotoc County,OK,Oklahoma,-96.932515,34.505396,-96.406135,34.965213
county,40125,Pottawatomie,Pottawatomie County,OK,Oklahoma,-97.142349,34.898853,-96.623699,35.464096
county,40127,Pushmataha,Pushmataha County,OK,Oklahoma,-95.779517,34.156644,-94.937484,34.680981
county,40129,Roger Mills,Roger Mills County,OK,Oklahoma,-100.000396,35.421519,-99.364129,36.013668
county,40131,Rogers,Rogers County,OK,Oklahoma,-95.815400,36.075200,-95.328170,36.597700
county,40133,Seminole,Seminole County,OK,Oklahoma,-96.777147,34.856782,-96.441150,35.467712
county,40135,Sequoyah,Sequoyah County,OK,Oklahoma,-95.132311,35.291214,-94.430662,35.638788
county,40137,Stephens,Stephens County,OK,Oklahoma,-98.142148,34.289079,-97.562323,34.681823
county,40139,Texas,Texas County,OK,Oklahoma,-102.032339,36.499244,-100.945469,36.998176
county,40141,Tillman,Tillman County,OK,Oklahoma,-99.238060,34.124238,-98.609483,34.637950
county,40143,Tulsa,Tulsa County,OK,Oklahoma,-96.297906,35.856255,-95.761554,36.423752
county,40145,Wagoner,Wagoner County,OK,Oklahoma,-95.819477,35.765428,-95.207943,36.163011
county,40147,Washington,Washington County,OK,Oklahoma,-96.001171,36.423485,-95.786660,36.999336
county,40149,Washita,Washita County,OK,Oklahoma,-99.364569,35.097237,-98.618020,35.465405
county,40151,Woods,Woods County,OK,Oklahoma,-99.456203,36.390848,-98.533400,37.000177
county,40153,Woodward,Woodward County,OK,Oklahoma,-99.605688,36.161577,-98.955849,36.819566
county,41001,Baker,Baker County,OR,Oregon,-118.519440,44.255211,-116.783710,45.080581
county,41003,Benton,Benton County,OR,Oregon,-123.816709,44.276699,-123.073132,44.721270
county,41005,Clackamas,Clackamas County,OR,Oregon,-122.868098,44.885716,-121.651394,45.461675
county,41007,Clatsop,Clatsop County,OR,Oregon,-124.036174,45.773080,-123.358826,46.290834
county,41009,Columbia,Columbia County,OR,Oregon,-123.367438,45.720946,-122.760108,46.188973
county,41011,Coos,Coos County,OR,Oregon,-124.479636,42.666684,-123.702131,43.611445
county,41013,Crook,Crook County,OR,Oregon,-121.108537,43.697376,-119.654993,44.564036
county,41015,Curry,Curry County,OR,Oregon,-124.566244,41.995617,-123.716492,42.955232
county,41017,Deschutes,Deschutes County,OR,Oregon,-122.002362,43.611164,-119.896581,44.393464
county,41019,Douglas,Douglas County,OR,Oregon,-124.218966,42.699297,-121.974199,43.944837
county,41021,Gilliam,Gilliam County,OR,Oregon,-120.653534,45.065224,-119.759759,45.812482
county,41023,Grant,Grant County,OR,Oregon,-119.672228,43.958920,-118.223449,44.997932
county,41025,Harney,Harney County,OR,Oregon,-119.943779,41.991794,-118.195281,44.047828
county,41027,Hood River,Hood River County,OR,Oregon,-121.922136,45.257377,-121.440551,45.726541
county,41029,Jackson,Jackson County,OR,Oregon,-123.231113,42.003084,-122.282708,42.996644
county,41031,Jefferson,Jefferson County,OR,Oregon,-121.849512,44.390265,-120.371441,44.829919
county,41033,Josephine,Josephine County,OR,Oregon,-124.041983,41.995094,-123.229167,42.784061
county,41035,Klamath,Klamath County,OR,Oregon,-122.289972,41.993023,-120.879926,43.616645
county,41037,Lake,Lake County,OR,Oregon,-121.351300,41.992586,-119.359446,43.617437
county,41039,Lane,Lane County,OR,Oregon,-124.158728,43.437395,-121.768070,44.290537
county,41041,Lincoln,Lincoln County,OR,Oregon,-124.115200,44.275094,-123.596134,45.045727
county,41043,Linn,Linn County,OR,Oregon,-123.260791,44.200016,-121.793895,44.794346
county,41045,Malheur,Malheur County,OR,Oregon,-118.233908,41.996994,-116.894083,44.444661
county,41047,Marion,Marion County,OR,Oregon,-123.180944,44.683888,-121.733280,45.285083
county,41049,Morrow,Morrow County,OR,Oregon,-120.006555,44.994539,-119.145144,45.925456
county,41051,Multnomah,Multnomah County,OR,Oregon,-122.929193,45.432668,-121.819587,45.728665
county,41053,Polk,Polk County,OR,Oregon,-123.725771,44.719415,-123.036985,45.076226
county,41055,Sherman,Sherman County,OR,Oregon,-121.031202,45.083477,-120.357804,45.737249
county,41057,Tillamook,Tillamook County,OR,Oregon,-124.017991,45.044432,-123.299258,45.783518
county,41059,Umatilla,Umatilla County,OR,Oregon,-119.435024,44.995877,-117.972948,46.000994
county,41061,Union,Union County,OR,Oregon,-118.697766,44.956351,-117.266005,45.861072
county,41063,Wallowa,Wallowa County,OR,Oregon,-117.977663,45.078266,-116.463504,46.000723
county,41065,Wasco,Wasco County,OR,Oregon,-121.805667,44.821769,-120.371441,45.704949
county,41067,Washington,Washington County,OR,Oregon,-123.486080,45.317192,-122.743626,45.780204
county,41069,Wheeler,Wheeler County,OR,Oregon,-120.495548,44.306620,-119.652431,45.068279
county,41071,Yamhill,Yamhill County,OR,Oregon,-123.785567,45.074864,-122.849925,45.433707
county,42001,Adams,Adams County,PA,Pennsylvania,-77.471085,39.719830,-76.955051,40.069945
county,42003,Allegheny,Allegheny County,PA,Pennsylvania,-80.360802,40.194285,-79.688975,40.674935
county,42005,Armstrong,Armstrong County,PA,Pennsylvania,-79.693284,40.524880,-79.210197,41.169471
county,42007,Beaver,Beaver County,PA,Pennsylvania,-80.519086,40.477286,-80.145110,40.855096
county,42009,Bedford,Bedford County,PA,Pennsylvania,-78.808375,39.722481,-78.134863,40.326471
county,42011,Berks,Berks County,PA,Pennsylvania,-76.440181,40.137107,-75.529813,40.677270
county,42013,Blair,Blair County,PA,Pennsylvania,-78.618889,40.242107,-78.116521,40.743017
county,42015,Bradford,Bradford County,PA,Pennsylvania,-76.927059,41.541278,-76.115172,42.001774
county,42017,Bucks,Bucks County,PA,Pennsylvania,-75.483858,40.048038,-74.721504,40.608580
county,42019,Butler,Butler County,PA,Pennsylvania,-80.166472,40.669255,-79.688778,41.173134
county,42021,Cambria,Cambria County,PA,Pennsylvania,-79.056053,40.242525,-78.348668,40.725906
county,42023,Cameron,Cameron County,PA,Pennsylvania,-78.421154,41.216931,-77.988786,41.617599
county,42025,Carbon,Carbon County,PA,Pennsylvania,-75.997636,40.735414,-75.474193,41.133980
county,42027,Centre,Centre County,PA,Pennsylvania,-78.376505,40.691557,-77.143804,41.252665
county,42029,Chester,Chester County,PA,Pennsylvania,-76.136672,39.721556,-75.361066,40.245065
county,42031,Clarion,Clarion County,PA,Pennsylvania,-79.700581,40.968334,-79.207073,41.436241
county,42033,Clearfield,Clearfield County,PA,Pennsylvania,-78.806482,40.723079,-78.038171,41.253778
county,42035,Clinton,Clinton County,PA,Pennsylvania,-78.093381,40.962938,-77.143712,41.478576
county,42037,Columbia,Columbia County,PA,Pennsylvania,-76.640767,40.775445,-76.207827,41.310198
county,42039,Crawford,Crawford County,PA,Pennsylvania,-80.519424,41.480396,-79.612071,41.851524
county,42041,Cumberland,Cumberland County,PA,Pennsylvania,-77.627509,39.944077,-76.858992,40.328484
county,42043,Dauphin,Dauphin County,PA,Pennsylvania,-77.029341,40.120070,-76.535414,40.659595
county,42045,Delaware,Delaware County,PA,Pennsylvania,-75.601532,39.801919,-75.211690,40.066196
county,42047,Elk,Elk County,PA,Pennsylvania,-79.095096,41.201859,-78.234675,41.631481
county,42049,Erie,Erie County,PA,Pennsylvania,-80.519408,41.849039,-79.610836,42.269860
county,42051,Fayette,Fayette County,PA,Pennsylvania,-80.010735,39.720713,-79.293644,40.145652
county,42053,Forest,Forest County,PA,Pennsylvania,-79.522024,41.324188,-78.956138,41.626422
county,42055,Franklin,Franklin County,PA,Pennsylvania,-78.099140,39.720017,-77.454109,40.289825
county,42057,Fulton,Fulton County,PA,Pennsylvania,-78.380599,39.722322,-77.864489,40.165131
county,42059,Greene,Greene County,PA,Pennsylvania,-80.519423,39.720893,-79.903438,40.020590
county,42061,Huntingdon,Huntingdon County,PA,Pennsylvania,-78.257305,40.061568,-77.676611,40.743534
county,42063,Indiana,Indiana County,PA,Pennsylvania,-79.459738,40.368717,-78.799226,40.911346
county,42065,Jefferson,Jefferson County,PA,Pennsylvania,-79.215706,40.905980,-78.710059,41.376565
county,42067,Juniata,Juniata County,PA,Pennsylvania,-77.752120,40.263576,-76.939534,40.693595
county,42069,Lackawanna,Lackawanna County,PA,Pennsylvania,-75.834512,41.161497,-75.440389,41.642263
county,42071,Lancaster,Lancaster County,PA,Pennsylvania,-76.721620,39.721305,-75.873375,40.315971
county,42073,Lawrence,Lawrence County,PA,Pennsylvania,-80.519891,40.851339,-80.098294,41.128106
county,42075,Lebanon,Lebanon County,PA,Pennsylvania,-76.678040,40.195549,-76.151215,40.555157
county,42077,Lehigh,Lehigh County,PA,Pennsylvania,-75.891473,40.418634,-75.333514,40.787523
county,42079,Luzerne,Luzerne County,PA,Pennsylvania,-76.320220,40.902313,-75.600736,41.426965
county,42081,Lycoming,Lycoming County,PA,Pennsylvania,-77.599474,41.068708,-76.447597,41.596919
county,42083,McKean,McKean County,PA,Pennsylvania,-78.956138,41.601874,-78.203640,41.999877
county,42085,Mercer,Mercer County,PA,Pennsylvania,-80.519345,41.069804,-79.999274,41.492269
county,42087,Mifflin,Mifflin County,PA,Pennsylvania,-77.913929,40.360542,-77.287941,40.846937
county,42089,Monroe,Monroe County,PA,Pennsylvania,-75.649412,40.814746,-74.966759,41.252101
county,42091,Montgomery,Montgomery County,PA,Pennsylvania,-75.696782,39.976959,-75.015066,40.447092
county,42093,Montour,Montour County,PA,Pennsylvania,-76.793741,40.882529,-76.512421,41.172040
county,42095,Northampton,Northampton County,PA,Pennsylvania,-75.608985,40.536767,-75.050839,40.968702
county,42097,Northumberland,Northumberland County,PA,Pennsylvania,-76.949148,40.603466,-76.380334,41.175732
county,42099,Perry,Perry County,PA,Pennsylvania,-77.671761,40.185362,-76.914970,40.628167
county,42101,Philadelphia,Philadelphia County,PA,Pennsylvania,-75.280266,39.866954,-74.955777,40.137992
county,42103,Pike,Pike County,PA,Pennsylvania,-75.359184,41.079868,-74.689516,41.601690
county,42105,Potter,Potter County,PA,Pennsylvania,-78.206508,41.474801,-77.598129,42.000452
county,42107,Schuylkill,Schuylkill County,PA,Pennsylvania,-76.701624,40.495434,-75.757807,40.949740
county,42109,Snyder,Snyder County,PA,Pennsylvania,-77.356628,40.635778,-76.798718,40.889567
county,42111,Somerset,Somerset County,PA,Pennsylvania,-79.417558,39.721431,-78.658305,40.285439
county,42113,Sullivan,Sullivan County,PA,Pennsylvania,-76.813731,41.275629,-76.220073,41.590034
county,42115,Susquehanna,Susquehanna County,PA,Pennsylvania,-76.145519,41.641410,-75.462238,41.999259
county,42117,Tioga,Tioga County,PA,Pennsylvania,-77.610028,41.542271,-76.874714,42.001674
county,42119,Union,Union County,PA,Pennsylvania,-77.364180,40.807334,-76.799542,41.148801
county,42121,Venango,Venango County,PA,Pennsylvania,-79.999781,41.171800,-79.477822,41.624559
county,42123,Warren,Warren County,PA,Pennsylvania,-79.613147,41.623334,-78.915500,41.999458
county,42125,Washington,Washington County,PA,Pennsylvania,-80.519218,39.952065,-79.838999,40.477772
county,42127,Wayne,Wayne County,PA,Pennsylvania,-75.505607,41.232539,-75.043562,41.999445
county,42129,Westmoreland,Westmoreland County,PA,Pennsylvania,-79.904890,40.040347,-78.973814,40.680007
county,42131,Wyoming,Wyoming County,PA,Pennsylvania,-76.282799,41.377244,-75.718507,41.651825
county,42133,York,York County,PA,Pennsylvania,-77.137425,39.719800,-76.238690,40.226328
county,44001,Bristol,Bristol County,RI,Rhode Island,-71.355818,41.642595,-71.224798,41.776157
county,44003,Kent,Kent County,RI,Rhode Island,-71.789692,41.596852,-71.357282,41.768321
county,44005,Newport,Newport County,RI,Rhode Island,-71.405096,41.448596,-71.120570,41.675090
county,44007,Providence,Providence County,RI,Rhode Island,-71.799242,41.725198,-71.317924,42.018798
county,44009,Washington,Washington County,RI,Rhode Island,-71.862772,41.146339,-71.402441,41.654952
county,45001,Abbeville,Abbeville County,SC,South Carolina,-82.742019,34.013925,-82.240122,34.484335
county,45003,Aiken,Aiken County,SC,South Carolina,-82.012474,33.198122,-81.187271,33.877460
county,45005,Allendale,Allendale County,SC,South Carolina,-81.614057,32.744867,-81.082291,33.158279
county,45007,Anderson,Anderson County,SC,South Carolina,-82.992217,34.211749,-82.313871,34.819357
county,45009,Bamberg,Bamberg County,SC,South Carolina,-81.227804,33.026630,-80.797912,33.440000
county,45011,Barnwell,Barnwell County,SC,South Carolina,-81.772435,33.092952,-81.192881,33.490417
county,45013,Beaufort,Beaufort County,SC,South Carolina,-81.016112,32.076890,-80.428302,32.704250
county,45015,Berkeley,Berkeley County,SC,South Carolina,-80.361851,32.815421,-79.446648,33.507172
county,45017,Calhoun,Calhoun County,SC,South Carolina,-81.060494,33.466006,-80.496273,33.880080
county,45019,Charleston,Charleston County,SC,South Carolina,-80.453553,32.492831,-79.267946,33.215343
county,45021,Cherokee,Cherokee County,SC,South Carolina,-81.874687,34.839248,-81.366600,35.184120
county,45023,Chester,Chester County,SC,South Carolina,-81.488377,34.543150,-80.859857,34.822573
county,45025,Chesterfield,Chesterfield County,SC,South Carolina,-80.564055,34.366207,-79.777627,34.817482
county,45027,Clarendon,Clarendon County,SC,South Carolina,-80.540514,33.430219,-79.875620,33.946527
county,45029,Colleton,Colleton County,SC,South Carolina,-81.082291,32.470672,-80.254405,33.181168
county,45031,Darlington,Darlington County,SC,South Carolina,-80.288692,34.085303,-79.656797,34.535140
county,45033,Dillon,Dillon County,SC,South Carolina,-79.633413,34.230913,-79.071255,34.621036
county,45035,Dorchester,Dorchester County,SC,South Carolina,-80.791968,32.818195,-80.079804,33.334496
county,45037,Edgefield,Edgefield County,SC,South Carolina,-82.182888,33.532107,-81.651759,33.976914
county,45039,Fairfield,Fairfield County,SC,South Carolina,-81.427545,34.174552,-80.769926,34.572019
county,45041,Florence,Florence County,SC,South Carolina,-80.069878,33.775357,-79.314094,34.307585
county,45043,Georgetown,Georgetown County,SC,South Carolina,-79.680883,33.116770,-79.001781,33.779878
county,45045,Greenville,Greenville County,SC,South Carolina,-82.764100,34.484335,-82.145587,35.215402
county,45047,Greenwood,Greenwood County,SC,South Carolina,-82.334234,33.953210,-81.868535,34.409676
county,45049,Hampton,Hampton County,SC,South Carolina,-81.427505,32.551163,-80.826265,33.026630
county,45051,Horry,Horry County,SC,South Carolina,-79.338842,33.569108,-78.547324,34.299400
county,45053,Jasper,Jasper County,SC,South Carolina,-81.281298,32.037593,-80.817429,32.753058
county,45055,Kershaw,Kershaw County,SC,South Carolina,-80.879227,34.068972,-80.283965,34.614765
county,45057,Lancaster,Lancaster County,SC,South Carolina,-80.909486,34.457776,-80.408373,35.076392
county,45059,Laurens,Laurens County,SC,South Carolina,-82.314744,34.203148,-81.643552,34.785208
county,45061,Lee,Lee County,SC,South Carolina,-80.481318,33.952002,-80.000594,34.367936
county,45063,Lexington,Lexington County,SC,South Carolina,-81.571307,33.652919,-80.924603,34.197587
county,45065,McCormick,McCormick County,SC,South Carolina,-82.594501,33.589925,-82.045130,34.081215
county,45067,Marion,Marion County,SC,South Carolina,-79.571880,33.694235,-79.126594,34.300572
county,45069,Marlboro,Marlboro County,SC,South Carolina,-79.934621,34.297994,-79.450034,34.806623
county,45071,Newberry,Newberry County,SC,South Carolina,-81.945019,34.070839,-81.316911,34.533652
county,45073,Oconee,Oconee County,SC,South Carolina,-83.353910,34.472447,-82.822880,35.056006
county,45075,Orangeburg,Orangeburg County,SC,South Carolina,-81.373494,33.176930,-80.221485,33.707131
county,45077,Pickens,Pickens County,SC,South Carolina,-82.943597,34.608830,-82.476366,35.085600
county,45079,Richland,Richland County,SC,South Carolina,-81.345328,33.743237,-80.596205,34.268760
county,45081,Saluda,Saluda County,SC,South Carolina,-82.010272,33.814510,-81.471972,34.187613
county,45083,Spartanburg,Spartanburg County,SC,South Carolina,-82.226537,34.580197,-81.714094,35.196029
county,45085,Sumter,Sumter County,SC,South Carolina,-80.646598,33.643911,-79.893517,34.168696
county,45087,Union,Union County,SC,South Carolina,-81.851865,34.445027,-81.415995,34.913013
county,45089,Williamsburg,Williamsburg County,SC,South Carolina,-80.101697,33.304944,-79.317041,33.891738
county,45091,York,York County,SC,South Carolina,-81.492282,34.820844,-80.865140,35.164889
county,46003,Aurora,Aurora County,SD,South Dakota,-98.807771,43.498477,-98.320595,43.937708
county,46005,Beadle,Beadle County,SD,South Dakota,-98.705762,44.194648,-97.853028,44.634159
county,46007,Bennett,Bennett County,SD,South Dakota,-102.110819,42.996238,-101.227997,43.390171
county,46009,Bon Homme,Bon Homme County,SD,South Dakota,-98.162954,42.762299,-97.635224,43.169633
county,46011,Brookings,Brookings County,SD,South Dakota,-97.129671,44.195443,-96.451816,44.543877
county,46013,Brown,Brown County,SD,South Dakota,-98.725014,45.240415,-97.978776,45.938686
county,46015,Brule,Brule County,SD,South Dakota,-99.469164,43.499187,-98.794351,43.935223
county,46017,Buffalo,Buffalo County,SD,South Dakota,-99.576571,43.933124,-98.925953,44.196786
county,46019,Butte,Butte County,SD,South Dakota,-104.057879,44.571010,-102.957163,45.213266
county,46021,Campbell,Campbell County,SD,South Dakota,-100.499354,45.593121,-99.717457,45.943638
county,46023,Charles Mix,Charles Mix County,SD,South Dakota,-99.310686,42.836925,-98.069044,43.499856
county,46025,Clark,Clark County,SD,South Dakota,-97.982964,44.543884,-97.491196,45.153295
county,46027,Clay,Clay County,SD,South Dakota,-97.160720,42.704154,-96.805458,43.083733
county,46029,Codington,Codington County,SD,South Dakota,-97.494663,44.803342,-96.881970,45.151882
county,46031,Corson,Corson County,SD,South Dakota,-102.000875,45.472212,-100.308178,45.944581
county,46033,Custer,Custer County,SD,South Dakota,-104.055462,43.476848,-102.686782,43.856747
county,46035,Davison,Davison County,SD,South Dakota,-98.326028,43.497916,-97.964586,43.851220
county,46037,Day,Day County,SD,South Dakota,-97.981792,45.151185,-97.225979,45.588483
county,46039,Deuel,Deuel County,SD,South Dakota,-96.885504,44.543639,-96.451232,44.977494
county,46041,Dewey,Dewey County,SD,South Dakota,-101.501037,44.724153,-100.257286,45.473041
county,46043,Douglas,Douglas County,SD,South Dakota,-98.707242,43.196838,-98.109492,43.499319
county,46045,Edmunds,Edmunds County,SD,South Dakota,-99.708987,45.243764,-98.722165,45.593391
county,46047,Fall River,Fall River County,SD,South Dakota,-104.054798,43.000473,-103.000610,43.478807
county,46049,Faulk,Faulk County,SD,South Dakota,-99.573694,44.896925,-98.716498,45.245364
county,46051,Grant,Grant County,SD,South Dakota,-97.226418,44.976036,-96.452026,45.326880
county,46053,Gregory,Gregory County,SD,South Dakota,-99.534481,42.997967,-98.498550,43.499801
county,46055,Haakon,Haakon County,SD,South Dakota,-102.007739,43.994381,-101.046617,44.747126
county,46057,Hamlin,Hamlin County,SD,South Dakota,-97.492266,44.542925,-96.884497,44.804436
county,46059,Hand,Hand County,SD,South Dakota,-99.312579,44.194811,-98.700453,44.897227
county,46061,Hanson,Hanson County,SD,South Dakota,-97.968428,43.499041,-97.606479,43.850686
county,46063,Harding,Harding County,SD,South Dakota,-104.045443,45.212524,-102.942070,45.945335
county,46065,Hughes,Hughes County,SD,South Dakota,-100.580840,44.097895,-99.598767,44.548397
county,46067,Hutchinson,Hutchinson County,SD,South Dakota,-98.114758,43.168330,-97.399191,43.499882
county,46069,Hyde,Hyde County,SD,South Dakota,-99.676398,44.192421,-99.300180,44.897503
county,46071,Jackson,Jackson County,SD,South Dakota,-102.139217,43.388934,-101.064017,43.995150
county,46073,Jerauld,Jerauld County,SD,South Dakota,-98.927034,43.934919,-98.331344,44.196783
county,46075,Jones,Jones County,SD,South Dakota,-101.064352,43.707461,-100.338970,44.168694
county,46077,Kingsbury,Kingsbury County,SD,South Dakota,-97.853660,44.194794,-97.128024,44.544413
county,46079,Lake,Lake County,SD,South Dakota,-97.370349,43.847973,-96.888588,44.196021
county,46081,Lawrence,Lawrence County,SD,South Dakota,-104.055908,44.140670,-103.452453,44.604777
county,46083,Lincoln,Lincoln County,SD,South Dakota,-96.924895,43.083379,-96.436589,43.500456
county,46085,Lyman,Lyman County,SD,South Dakota,-100.367247,43.499635,-99.281424,44.217633
county,46087,McCook,McCook County,SD,South Dakota,-97.608979,43.499663,-97.129014,43.849059
county,46089,McPherson,McPherson County,SD,South Dakota,-99.718073,45.591252,-98.724375,45.941104
county,46091,Marshall,Marshall County,SD,South Dakota,-97.979592,45.558158,-97.227089,45.935937
county,46093,Meade,Meade County,SD,South Dakota,-103.574396,44.140106,-101.999994,45.039658
county,46095,Mellette,Mellette County,SD,South Dakota,-101.228392,43.389066,-100.214060,43.857896
county,46097,Miner,Miner County,SD,South Dakota,-97.851132,43.848526,-97.369463,44.195235
county,46099,Minnehaha,Minnehaha County,SD,South Dakota,-97.129509,43.499681,-96.453088,43.849501
county,46101,Moody,Moody County,SD,South Dakota,-96.889216,43.847523,-96.452774,44.196780
county,46102,Oglala Lakota,Oglala Lakota County,SD,South Dakota,-103.001017,42.999356,-102.081217,43.706182
county,46103,Pennington,Pennington County,SD,South Dakota,-104.055424,43.685119,-102.000776,44.510926
county,46105,Perkins,Perkins County,SD,South Dakota,-102.957443,45.038234,-101.999391,45.945450
county,46107,Potter,Potter County,SD,South Dakota,-100.424166,44.897263,-99.572699,45.246810
county,46109,Roberts,Roberts County,SD,South Dakota,-97.228304,45.296866,-96.470387,45.935991
county,46111,Sanborn,Sanborn County,SD,South Dakota,-98.331957,43.849857,-97.849492,44.196687
county,46115,Spink,Spink County,SD,South Dakota,-98.717759,44.631602,-97.976876,45.243732
county,46117,Stanley,Stanley County,SD,South Dakota,-101.166903,44.167965,-99.892101,44.783700
county,46119,Sully,Sully County,SD,South Dakota,-100.729319,44.547422,-99.674252,44.898295
county,46121,Todd,Todd County,SD,South Dakota,-101.228234,42.997530,-100.198374,43.390449
county,46123,Tripp,Tripp County,SD,South Dakota,-100.230991,42.997880,-99.533756,43.766564
county,46125,Turner,Turner County,SD,South Dakota,-97.401450,43.083145,-96.923962,43.500007
county,46127,Union,Union County,SD,South Dakota,-96.806522,42.479635,-96.445508,43.083869
county,46129,Walworth,Walworth County,SD,South Dakota,-100.486580,45.245866,-99.707705,45.594823
county,46135,Yankton,Yankton County,SD,South Dakota,-97.637496,42.799733,-97.160352,43.169978
county,46137,Ziebach,Ziebach County,SD,South Dakota,-102.000462,44.511663,-101.136162,45.472870
county,47001,Anderson,Anderson County,TN,Tennessee,-84.449881,35.910165,-83.941711,36.301779
county,47003,Bedford,Bedford County,TN,Tennessee,-86.665555,35.318846,-86.234529,35.702833
county,47005,Benton,Benton County,TN,Tennessee,-88.225048,35.811011,-87.915654,36.360254
county,47007,Bledsoe,Bledsoe County,TN,Tennessee,-85.436180,35.354276,-84.916062,35.771770
county,47009,Blount,Blount County,TN,Tennessee,-84.188319,35.460635,-83.662814,35.887125
county,47011,Bradley,Bradley County,TN,Tennessee,-85.026737,34.987569,-84.697033,35.357871
county,47013,Campbell,Campbell County,TN,Tennessee,-84.376533,36.177578,-83.899796,36.592181
county,47015,Cannon,Cannon County,TN,Tennessee,-86.208769,35.643001,-85.885156,35.974451
county,47017,Carroll,Carroll County,TN,Tennessee,-88.706811,35.789195,-88.177859,36.152023
county,47019,Carter,Carter County,TN,Tennessee,-82.342282,36.104417,-81.933020,36.510614
county,47021,Cheatham,Cheatham County,TN,Tennessee,-87.286501,36.041312,-86.906254,36.455711
county,47023,Chester,Chester County,TN,Tennessee,-88.842036,35.247339,-88.351765,35.592296
county,47025,Claiborne,Claiborne County,TN,Tennessee,-83.987611,36.331982,-83.369401,36.600797
county,47027,Clay,Clay County,TN,Tennessee,-85.813885,36.403074,-85.267057,36.626511
county,47029,Cocke,Cocke County,TN,Tennessee,-83.316827,35.712982,-82.896324,36.182295
county,47031,Coffee,Coffee County,TN,Tennessee,-86.279905,35.289189,-85.869478,35.706429
county,47033,Crockett,Crockett County,TN,Tennessee,-89.361544,35.670953,-88.892938,36.000212
county,47035,Cumberland,Cumberland County,TN,Tennessee,-85.273288,35.746285,-84.680633,36.170575
county,47037,Davidson,Davidson County,TN,Tennessee,-87.054705,35.967785,-86.515589,36.405496
county,47039,Decatur,Decatur County,TN,Tennessee,-88.247986,35.379561,-87.970738,35.850329
county,47041,DeKalb,DeKalb County,TN,Tennessee,-86.063413,35.825703,-85.630493,36.131582
county,47043,Dickson,Dickson County,TN,Tennessee,-87.566798,35.959186,-87.139332,36.334713
county,47045,Dyer,Dyer County,TN,Tennessee,-89.733056,35.880934,-89.154464,36.212794
county,47047,Fayette,Fayette County,TN,Tennessee,-89.644050,34.993754,-89.183944,35.404786
county,47049,Fentress,Fentress County,TN,Tennessee,-85.122245,36.132789,-84.659082,36.581270
county,47051,Franklin,Franklin County,TN,Tennessee,-86.333353,34.988379,-85.863270,35.362607
county,47053,Gibson,Gibson County,TN,Tennessee,-89.206297,35.791075,-88.692709,36.222834
county,47055,Giles,Giles County,TN,Tennessee,-87.232442,34.991764,-86.828301,35.456061
county,47057,Grainger,Grainger County,TN,Tennessee,-83.732704,36.080587,-83.255292,36.420686
county,47059,Greene,Greene County,TN,Tennessee,-83.172485,35.921839,-82.577200,36.418769
county,47061,Grundy,Grundy County,TN,Tennessee,-85.913593,35.215295,-85.485622,35.531651
county,47063,Hamblen,Hamblen County,TN,Tennessee,-83.468697,36.081353,-83.081726,36.345292
county,47065,Hamilton,Hamilton County,TN,Tennessee,-85.475513,34.982972,-84.942330,35.459232
county,47067,Hancock,Hancock County,TN,Tennessee,-83.472108,36.388189,-82.830433,36.598187
county,47069,Hardeman,Hardeman County,TN,Tennessee,-89.198288,34.993926,-88.781768,35.432816
county,47071,Hardin,Hardin County,TN,Tennessee,-88.380508,34.995463,-87.981585,35.423263
county,47073,Hawkins,Hawkins County,TN,Tennessee,-83.288896,36.242068,-82.600004,36.594099
county,47075,Haywood,Haywood County,TN,Tennessee,-89.502118,35.397126,-89.069544,35.822657
county,47077,Henderson,Henderson County,TN,Tennessee,-88.613611,35.416307,-88.179177,35.824829
county,47079,Henry,Henry County,TN,Tennessee,-88.530322,36.120290,-87.990920,36.501506
county,47081,Hickman,Hickman County,TN,Tennessee,-87.743750,35.608937,-87.201426,35.993074
county,47083,Houston,Houston County,TN,Tennessee,-87.980740,36.177857,-87.513533,36.368241
county,47085,Humphreys,Humphreys County,TN,Tennessee,-88.022635,35.803799,-87.529791,36.244754
county,47087,Jackson,Jackson County,TN,Tennessee,-85.846483,36.212805,-85.490384,36.522395
county,47089,Jefferson,Jefferson County,TN,Tennessee,-83.710290,35.895846,-83.234585,36.191976
county,47091,Johnson,Johnson County,TN,Tennessee,-82.058946,36.261763,-81.646900,36.614215
county,47093,Knox,Knox County,TN,Tennessee,-84.273470,35.793806,-83.650917,36.186379
county,47095,Lake,Lake County,TN,Tennessee,-89.705545,36.185382,-89.340158,36.503210
county,47097,Lauderdale,Lauderdale County,TN,Tennessee,-89.958877,35.535926,-89.339326,35.947723
county,47099,Lawrence,Lawrence County,TN,Tennessee,-87.611925,34.999327,-87.197359,35.457856
county,47101,Lewis,Lewis County,TN,Tennessee,-87.717559,35.398188,-87.269432,35.659657
county,47103,Lincoln,Lincoln County,TN,Tennessee,-86.836306,34.990677,-86.317881,35.370814
county,47105,Loudon,Loudon County,TN,Tennessee,-84.584472,35.607783,-84.133146,35.902984
county,47107,McMinn,McMinn County,TN,Tennessee,-84.860164,35.241043,-84.400623,35.644651
county,47109,McNairy,McNairy County,TN,Tennessee,-88.786926,34.995252,-88.362572,35.385230
county,47111,Macon,Macon County,TN,Tennessee,-86.228724,36.411836,-85.788007,36.639783
county,47113,Madison,Madison County,TN,Tennessee,-89.078876,35.427451,-88.603296,35.797343
county,47115,Marion,Marion County,TN,Tennessee,-85.873032,34.983063,-85.361959,35.319292
county,47117,Marshall,Marshall County,TN,Tennessee,-86.960804,35.252878,-86.599478,35.710864
county,47119,Maury,Maury County,TN,Tennessee,-87.354349,35.408175,-86.782016,35.850651
county,47121,Meigs,Meigs County,TN,Tennessee,-85.030369,35.287717,-84.618970,35.752896
county,47123,Monroe,Monroe County,TN,Tennessee,-84.525850,35.204276,-83.938540,35.672264
county,47125,Montgomery,Montgomery County,TN,Tennessee,-87.641150,36.312442,-87.113244,36.642414
county,47127,Moore,Moore County,TN,Tennessee,-86.539485,35.122389,-86.244290,35.412476
county,47129,Morgan,Morgan County,TN,Tennessee,-84.914155,35.908454,-84.341812,36.376605
county,47131,Obion,Obion County,TN,Tennessee,-89.485818,36.201635,-88.814016,36.507147
county,47133,Overton,Overton County,TN,Tennessee,-85.497587,36.144719,-85.082497,36.540265
county,47135,Perry,Perry County,TN,Tennessee,-88.043503,35.423381,-87.648530,35.840921
county,47137,Pickett,Pickett County,TN,Tennessee,-85.285371,36.405614,-84.731839,36.626511
county,47139,Polk,Polk County,TN,Tennessee,-84.775852,34.987800,-84.292320,35.285472
county,47141,Putnam,Putnam County,TN,Tennessee,-85.809168,35.978492,-85.100213,36.304961
county,47143,Rhea,Rhea County,TN,Tennessee,-85.146393,35.409101,-84.711472,35.825039
county,47145,Roane,Roane County,TN,Tennessee,-84.789292,35.644424,-84.263383,36.049054
county,47147,Robertson,Robertson County,TN,Tennessee,-87.150233,36.349635,-86.563916,36.652486
county,47149,Rutherford,Rutherford County,TN,Tennessee,-86.700265,35.618571,-86.141766,36.100610
county,47151,Scott,Scott County,TN,Tennessee,-84.785400,36.163478,-84.249231,36.603375
county,47153,Sequatchie,Sequatchie County,TN,Tennessee,-85.607326,35.147169,-85.225877,35.567422
county,47155,Sevier,Sevier County,TN,Tennessee,-83.794275,35.562684,-83.254230,36.043119
county,47157,Shelby,Shelby County,TN,Tennessee,-90.310453,34.994193,-89.632776,35.409483
county,47159,Smith,Smith County,TN,Tennessee,-86.136803,36.082019,-85.778634,36.426073
county,47161,Stewart,Stewart County,TN,Tennessee,-88.070532,36.328724,-87.592358,36.678118
county,47163,Sullivan,Sullivan County,TN,Tennessee,-82.702279,36.392104,-81.826742,36.616213
county,47165,Sumner,Sumner County,TN,Tennessee,-86.754795,36.244445,-86.205469,36.652445
county,47167,Tipton,Tipton County,TN,Tennessee,-90.179265,35.371211,-89.469862,35.652344
county,47169,Trousdale,Trousdale County,TN,Tennessee,-86.285260,36.294086,-85.971063,36.489159
county,47171,Unicoi,Unicoi County,TN,Tennessee,-82.615062,35.953901,-82.222052,36.260347
county,47173,Union,Union County,TN,Tennessee,-84.009753,36.160906,-83.667408,36.435879
county,47175,Van Buren,Van Buren County,TN,Tennessee,-85.615020,35.532977,-85.253518,35.822656
county,47177,Warren,Warren County,TN,Tennessee,-85.997732,35.504573,-85.557535,35.852162
county,47179,Washington,Washington County,TN,Tennessee,-82.702566,36.096205,-82.299859,36.447254
county,47181,Wayne,Wayne County,TN,Tennessee,-88.024741,35.003523,-87.572654,35.491782
county,47183,Weakley,Weakley County,TN,Tennessee,-88.959839,36.061817,-88.516320,36.502852
county,47185,White,White County,TN,Tennessee,-85.682886,35.766927,-85.213115,36.082012
county,47187,Williamson,Williamson County,TN,Tennessee,-87.215099,35.696447,-86.600032,36.052909
county,47189,Wilson,Wilson County,TN,Tennessee,-86.595439,35.954399,-86.014849,36.358063
county,48001,Anderson,Anderson County,TX,Texas,-96.064804,31.504056,-95.258859,32.084475
county,48003,Andrews,Andrews County,TX,Texas,-103.064696,32.085795,-102.210843,32.523371
county,48005,Angelina,Angelina County,TX,Texas,-95.005525,31.026393,-94.129632,31.526916
county,48007,Aransas,Aransas County,TX,Texas,-97.260818,27.839539,-96.790535,28.319233
county,48009,Archer,Archer County,TX,Texas,-98.953938,33.395420,-98.420666,33.836047
county,48011,Armstrong,Armstrong County,TX,Texas,-101.629396,34.747462,-101.086281,35.183239
county,48013,Atascosa,Atascosa County,TX,Texas,-98.804900,28.612658,-98.098315,29.250693
county,48015,Austin,Austin County,TX,Texas,-96.621980,29.601658,-96.004574,30.096829
county,48017,Bailey,Bailey County,TX,Texas,-103.047346,33.824675,-102.615150,34.312927
county,48019,Bandera,Bandera County,TX,Texas,-99.603318,29.551842,-98.778782,29.907679
county,48021,Bastrop,Bastrop County,TX,Texas,-97.649370,29.786541,-97.024461,30.419563
county,48023,Baylor,Baylor County,TX,Texas,-99.475650,33.397534,-98.952961,33.834185
county,48025,Bee,Bee County,TX,Texas,-98.089764,28.129683,-97.375579,28.719648
county,48027,Bell,Bell County,TX,Texas,-97.913847,30.752363,-97.070057,31.320202
county,48029,Bexar,Bexar County,TX,Texas,-98.806552,29.114435,-98.116902,29.760713
county,48031,Blanco,Blanco County,TX,Texas,-98.591670,29.937557,-98.125556,30.502095
county,48033,Borden,Borden County,TX,Texas,-101.691284,32.523980,-101.173378,32.963597
county,48035,Bosque,Bosque County,TX,Texas,-98.005462,31.587762,-97.276716,32.207403
county,48037,Bowie,Bowie County,TX,Texas,-94.746925,33.237046,-94.042869,33.715987
county,48039,Brazoria,Brazoria County,TX,Texas,-95.874028,28.825566,-95.057094,29.599108
county,48041,Brazos,Brazos County,TX,Texas,-96.601831,30.330288,-96.079969,30.973737
county,48043,Brewster,Brewster County,TX,Texas,-103.800680,28.971612,-102.320704,30.665939
county,48045,Briscoe,Briscoe County,TX,Texas,-101.472052,34.312235,-100.944939,34.748281
county,48047,Brooks,Brooks County,TX,Texas,-98.536646,26.780917,-97.985494,27.265196
county,48049,Brown,Brown County,TX,Texas,-99.203411,31.448186,-98.668441,32.079597
county,48051,Burleson,Burleson County,TX,Texas,-96.963630,30.295549,-96.271816,30.730764
county,48053,Burnet,Burnet County,TX,Texas,-98.459241,30.426164,-97.828100,31.035009
county,48055,Caldwell,Caldwell County,TX,Texas,-97.899289,29.630745,-97.315823,30.071564
county,48057,Calhoun,Calhoun County,TX,Texas,-96.930367,28.060847,-96.322731,28.730231
county,48059,Callahan,Callahan County,TX,Texas,-99.631413,32.079124,-99.114049,32.515110
county,48061,Cameron,Cameron County,TX,Texas,-97.862167,25.837377,-97.147245,26.411203
county,48063,Camp,Camp County,TX,Texas,-95.152586,32.902444,-94.719942,33.077348
county,48065,Carson,Carson County,TX,Texas,-101.622941,35.181708,-101.085935,35.625267
county,48067,Cass,Cass County,TX,Texas,-94.653994,32.879506,-94.042719,33.312012
county,48069,Castro,Castro County,TX,Texas,-102.525793,34.312725,-101.998020,34.748190
county,48071,Chambers,Chambers County,TX,Texas,-94.981460,29.524162,-94.353383,29.889940
county,48073,Cherokee,Cherokee County,TX,Texas,-95.462140,31.425710,-94.865857,32.137989
county,48075,Childress,Childress County,TX,Texas,-100.417783,34.311829,-99.997501,34.747525
county,48077,Clay,Clay County,TX,Texas,-98.423581,33.466274,-97.945730,34.157109
county,48079,Cochran,Cochran County,TX,Texas,-103.056655,33.388233,-102.594836,33.825121
county,48081,Coke,Coke County,TX,Texas,-100.825370,31.692694,-100.235137,32.086610
county,48083,Coleman,Coleman County,TX,Texas,-99.722403,31.409778,-99.195871,32.082089
county,48085,Collin,Collin County,TX,Texas,-96.844122,32.981490,-96.295070,33.405498
county,48087,Collingsworth,Collingsworth County,TX,Texas,-100.540997,34.746358,-100.000381,35.183144
county,48089,Colorado,Colorado County,TX,Texas,-96.874222,29.247804,-96.175422,29.961516
county,48091,Comal,Comal County,TX,Texas,-98.646231,29.594473,-97.999271,30.037994
county,48093,Comanche,Comanche County,TX,Texas,-98.924401,31.683989,-98.156568,32.261436
county,48095,Concho,Concho County,TX,Texas,-100.115216,31.087023,-99.601736,31.580267
county,48097,Cooke,Cooke County,TX,Texas,-97.487065,33.416410,-96.943346,33.956378
county,48099,Coryell,Coryell County,TX,Texas,-98.180006,31.069374,-97.418606,31.711019
county,48101,Cottle,Cottle County,TX,Texas,-100.518691,33.835650,-99.997621,34.314102
county,48103,Crane,Crane County,TX,Texas,-102.767687,31.086212,-102.300886,31.651714
county,48105,Crockett,Crockett County,TX,Texas,-102.390534,30.287333,-100.960501,31.087156
county,48107,Crosby,Crosby County,TX,Texas,-101.563580,33.394760,-101.038788,33.833625
county,48109,Culberson,Culberson County,TX,Texas,-104.918495,30.663626,-104.024521,32.000527
county,48111,Dallam,Dallam County,TX,Texas,-103.041924,36.055107,-102.162463,36.500704
county,48113,Dallas,Dallas County,TX,Texas,-97.038685,32.545214,-96.516977,32.989691
county,48115,Dawson,Dawson County,TX,Texas,-102.208520,32.523271,-101.688740,32.961954
county,48117,Deaf Smith,Deaf Smith County,TX,Texas,-103.043261,34.746024,-102.167471,35.187250
county,48119,Delta,Delta County,TX,Texas,-95.861778,33.218559,-95.306640,33.495387
county,48121,Denton,Denton County,TX,Texas,-97.398459,32.987435,-96.834110,33.430450
county,48123,DeWitt,DeWitt County,TX,Texas,-97.755110,28.813300,-96.976378,29.384488
county,48125,Dickens,Dickens County,TX,Texas,-101.041158,33.397214,-100.517449,33.835650
county,48127,Dimmit,Dimmit County,TX,Texas,-100.114336,28.197819,-99.394177,28.648122
county,48129,Donley,Donley County,TX,Texas,-101.090753,34.747723,-100.538978,35.183327
county,48131,Duval,Duval County,TX,Texas,-98.803325,27.262487,-98.232464,28.057966
county,48133,Eastland,Eastland County,TX,Texas,-99.118665,32.078018,-98.474685,32.515618
county,48135,Ector,Ector County,TX,Texas,-102.799086,31.651276,-102.286971,32.086991
county,48137,Edwards,Edwards County,TX,Texas,-100.700393,29.623263,-99.754142,30.290698
county,48139,Ellis,Ellis County,TX,Texas,-97.087060,32.052087,-96.382910,32.549296
county,48141,El Paso,El Paso County,TX,Texas,-106.645646,31.387246,-105.954328,32.002533
county,48143,Erath,Erath County,TX,Texas,-98.551158,31.917511,-97.864864,32.513039
county,48145,Falls,Falls County,TX,Texas,-97.278113,30.986031,-96.596862,31.522269
county,48147,Fannin,Fannin County,TX,Texas,-96.384756,33.341119,-95.846378,33.885000
county,48149,Fayette,Fayette County,TX,Texas,-97.317893,29.628089,-96.569844,30.164350
county,48151,Fisher,Fisher County,TX,Texas,-100.660626,32.522793,-100.144224,32.963469
county,48153,Floyd,Floyd County,TX,Texas,-101.565040,33.830451,-101.041158,34.312536
county,48155,Foard,Foard County,TX,Texas,-100.048480,33.733849,-99.474498,34.241956
county,48157,Fort Bend,Fort Bend County,TX,Texas,-96.088912,29.262590,-95.424196,29.788616
county,48159,Franklin,Franklin County,TX,Texas,-95.308957,32.961829,-95.124531,33.389454
county,48161,Freestone,Freestone County,TX,Texas,-96.496713,31.413392,-95.779678,32.012526
county,48163,Frio,Frio County,TX,Texas,-99.413880,28.640566,-98.800841,29.091533
county,48165,Gaines,Gaines County,TX,Texas,-103.064916,32.522193,-102.202703,32.959508
county,48167,Galveston,Galveston County,TX,Texas,-95.233081,29.084605,-94.370823,29.598264
county,48169,Garza,Garza County,TX,Texas,-101.557618,32.961025,-101.038504,33.397214
county,48171,Gillespie,Gillespie County,TX,Texas,-99.303996,30.134298,-98.587864,30.499875
county,48173,Glasscock,Glasscock County,TX,Texas,-101.776085,31.650854,-101.264216,32.087532
county,48175,Goliad,Goliad County,TX,Texas,-97.778530,28.388684,-97.153588,28.925316
county,48177,Gonzales,Gonzales County,TX,Texas,-97.858782,29.109765,-97.130517,29.784658
county,48179,Gray,Gray County,TX,Texas,-101.086364,35.182140,-100.538283,35.620485
county,48181,Grayson,Grayson County,TX,Texas,-96.944703,33.397826,-96.379404,33.959579
county,48183,Gregg,Gregg County,TX,Texas,-94.986942,32.359948,-94.579219,32.667507
county,48185,Grimes,Grimes County,TX,Texas,-96.188314,30.225187,-95.804306,30.864125
county,48187,Guadalupe,Guadalupe County,TX,Texas,-98.311944,29.365667,-97.631020,29.858208
county,48189,Hale,Hale County,TX,Texas,-102.090415,33.824675,-101.563580,34.313132
county,48191,Hall,Hall County,TX,Texas,-100.946132,34.312759,-100.415786,34.748349
county,48193,Hamilton,Hamilton County,TX,Texas,-98.463736,31.416398,-97.766431,32.017897
county,48195,Hansford,Hansford County,TX,Texas,-101.623915,36.055236,-101.084793,36.499528
county,48197,Hardeman,Hardeman County,TX,Texas,-99.998006,34.055774,-99.475056,34.579273
county,48199,Hardin,Hardin County,TX,Texas,-94.732732,30.097167,-94.071036,30.527057
county,48201,Harris,Harris County,TX,Texas,-95.960733,29.497520,-94.908498,30.170606
county,48203,Harrison,Harrison County,TX,Texas,-94.702195,32.326583,-94.042780,32.793088
county,48205,Hartley,Hartley County,TX,Texas,-103.042186,35.622487,-102.162809,36.055496
county,48207,Haskell,Haskell County,TX,Texas,-99.991327,32.956962,-99.471258,33.399023
county,48209,Hays,Hays County,TX,Texas,-98.297600,29.752444,-97.708790,30.356312
county,48211,Hemphill,Hemphill County,TX,Texas,-100.541280,35.619115,-100.000392,36.056491
county,48213,Henderson,Henderson County,TX,Texas,-96.454555,32.005895,-95.428127,32.358849
county,48215,Hidalgo,Hidalgo County,TX,Texas,-98.586520,26.036415,-97.861666,26.783081
county,48217,Hill,Hill County,TX,Texas,-97.497113,31.708887,-96.719114,32.266824
county,48219,Hockley,Hockley County,TX,Texas,-102.615447,33.388327,-102.075929,33.825121
county,48221,Hood,Hood County,TX,Texas,-98.068545,32.233468,-97.615222,32.558822
county,48223,Hopkins,Hopkins County,TX,Texas,-95.863326,32.960434,-95.307716,33.377190
county,48225,Houston,Houston County,TX,Texas,-95.776881,30.925879,-94.958110,31.592886
county,48227,Howard,Howard County,TX,Texas,-101.695011,32.087097,-101.174571,32.525222
county,48229,Hudspeth,Hudspeth County,TX,Texas,-105.998003,30.629231,-104.907389,32.002350
county,48231,Hunt,Hunt County,TX,Texas,-96.297344,32.837217,-95.858723,33.409530
county,48233,Hutchinson,Hutchinson County,TX,Texas,-101.623466,35.624057,-101.085735,36.055405
county,48235,Irion,Irion County,TX,Texas,-101.274799,31.079379,-100.688764,31.528688
county,48237,Jack,Jack County,TX,Texas,-98.426553,33.001284,-97.918128,33.467129
county,48239,Jackson,Jackson County,TX,Texas,-96.938587,28.674409,-96.309178,29.263876
county,48241,Jasper,Jasper County,TX,Texas,-94.460167,30.241660,-93.865711,31.158071
county,48243,Jeff Davis,Jeff Davis County,TX,Texas,-104.979957,30.412190,-103.439976,31.105203
county,48245,Jefferson,Jefferson County,TX,Texas,-94.445106,29.562565,-93.837725,30.189106
county,48247,Jim Hogg,Jim Hogg County,TX,Texas,-98.954770,26.783535,-98.417883,27.359101
county,48249,Jim Wells,Jim Wells County,TX,Texas,-98.235497,27.260981,-97.789154,28.057966
county,48251,Johnson,Johnson County,TX,Texas,-97.617053,32.133765,-97.087028,32.555484
county,48253,Jones,Jones County,TX,Texas,-100.146543,32.514654,-99.611816,32.960251
county,48255,Karnes,Karnes County,TX,Texas,-98.190991,28.668027,-97.574639,29.221748
county,48257,Kaufman,Kaufman County,TX,Texas,-96.529678,32.354709,-96.075537,32.841723
county,48259,Kendall,Kendall County,TX,Texas,-98.920606,29.716475,-98.414018,30.138954
county,48261,Kenedy,Kenedy County,TX,Texas,-97.985887,26.597995,-97.290151,27.283811
county,48263,Kent,Kent County,TX,Texas,-101.038883,32.962926,-100.517108,33.398501
county,48265,Kerr,Kerr County,TX,Texas,-99.757621,29.781398,-98.917725,30.290698
county,48267,Kimble,Kimble County,TX,Texas,-100.116533,30.286653,-99.301718,30.711018
county,48269,King,King County,TX,Texas,-100.518691,33.397390,-99.990980,33.836124
county,48271,Kinney,Kinney County,TX,Texas,-100.797046,29.084271,-100.111406,29.623897
county,48273,Kleberg,Kleberg County,TX,Texas,-98.059800,27.209308,-97.222651,27.635932
county,48275,Knox,Knox County,TX,Texas,-99.996434,33.397404,-99.472444,33.835967
county,48277,Lamar,Lamar County,TX,Texas,-95.857738,33.377687,-95.308072,33.943031
county,48279,Lamb,Lamb County,TX,Texas,-102.615594,33.824675,-102.085733,34.313208
county,48281,Lampasas,Lampasas County,TX,Texas,-98.569645,31.029647,-97.907100,31.463717
county,48283,La Salle,La Salle County,TX,Texas,-99.396681,28.030419,-98.800719,28.647487
county,48285,Lavaca,Lavaca County,TX,Texas,-97.240108,29.063244,-96.560555,29.632706
county,48287,Lee,Lee County,TX,Texas,-97.334463,30.032000,-96.640883,30.557198
county,48289,Leon,Leon County,TX,Texas,-96.331121,30.973737,-95.655545,31.653956
county,48291,Liberty,Liberty County,TX,Texas,-95.165897,29.884276,-94.442235,30.493553
county,48293,Limestone,Limestone County,TX,Texas,-96.932215,31.220900,-96.236629,31.814887
county,48295,Lipscomb,Lipscomb County,TX,Texas,-100.546724,36.055444,-100.000399,36.499702
county,48297,Live Oak,Live Oak County,TX,Texas,-98.335031,28.056900,-97.808774,28.786949
county,48299,Llano,Llano County,TX,Texas,-98.964612,30.486096,-98.351041,30.922121
county,48301,Loving,Loving County,TX,Texas,-103.984060,31.650618,-103.326501,32.000554
county,48303,Lubbock,Lubbock County,TX,Texas,-102.085733,33.389586,-101.556884,33.830451
county,48305,Lynn,Lynn County,TX,Texas,-102.076214,32.959702,-101.556651,33.394760
county,48307,McCulloch,McCulloch County,TX,Texas,-99.603682,30.940605,-99.090622,31.493650
county,48309,McLennan,McLennan County,TX,Texas,-97.605230,31.244215,-96.801123,31.863079
county,48311,McMullen,McMullen County,TX,Texas,-98.803325,28.057476,-98.334252,28.648352
county,48313,Madison,Madison County,TX,Texas,-96.241020,30.822997,-95.611934,31.094211
county,48315,Marion,Marion County,TX,Texas,-94.709446,32.687093,-94.042747,32.881089
county,48317,Martin,Martin County,TX,Texas,-102.211249,32.086784,-101.688740,32.525320
county,48319,Mason,Mason County,TX,Texas,-99.484755,30.498076,-98.964016,30.941186
county,48321,Matagorda,Matagorda County,TX,Texas,-96.378327,28.390777,-95.503881,29.229702
county,48323,Maverick,Maverick County,TX,Texas,-100.667523,28.196837,-100.111406,29.086318
county,48325,Medina,Medina County,TX,Texas,-99.413880,29.090240,-98.804592,29.690709
county,48327,Menard,Menard County,TX,Texas,-100.116234,30.710366,-99.483869,31.087994
county,48329,Midland,Midland County,TX,Texas,-102.287446,31.651276,-101.775802,32.086991
county,48331,Milam,Milam County,TX,Texas,-97.315485,30.457344,-96.612130,31.110411
county,48333,Mills,Mills County,TX,Texas,-98.995091,31.230443,-98.266794,31.723608
county,48335,Mitchell,Mitchell County,TX,Texas,-101.183997,32.085407,-100.660626,32.527928
county,48337,Montague,Montague County,TX,Texas,-97.979013,33.433681,-97.484037,33.991370
county,48339,Montgomery,Montgomery County,TX,Texas,-95.830240,30.027905,-95.096708,30.630284
county,48341,Moore,Moore County,TX,Texas,-102.163015,35.620035,-101.622722,36.055627
county,48343,Morris,Morris County,TX,Texas,-94.819828,32.879177,-94.652194,33.365972
county,48345,Motley,Motley County,TX,Texas,-101.041763,33.833625,-100.517340,34.314191
county,48347,Nacogdoches,Nacogdoches County,TX,Texas,-94.978134,31.222776,-94.300122,31.845555
county,48349,Navarro,Navarro County,TX,Texas,-96.896209,31.796191,-96.050758,32.328929
county,48351,Newton,Newton County,TX,Texas,-93.911126,30.242672,-93.508292,31.186601
county,48353,Nolan,Nolan County,TX,Texas,-100.665353,32.081377,-100.146543,32.525312
county,48355,Nueces,Nueces County,TX,Texas,-97.942146,27.558358,-97.044846,27.995659
county,48357,Ochiltree,Ochiltree County,TX,Texas,-101.085716,36.056536,-100.545981,36.499700
county,48359,Oldham,Oldham County,TX,Texas,-103.042775,35.183031,-102.162752,35.627515
county,48361,Orange,Orange County,TX,Texas,-94.117956,29.864991,-93.688552,30.244318
county,48363,Palo Pinto,Palo Pinto County,TX,Texas,-98.576256,32.511626,-98.056094,33.007913
county,48365,Panola,Panola County,TX,Texas,-94.601853,31.973193,-94.015420,32.394137
county,48367,Parker,Parker County,TX,Texas,-98.066836,32.555297,-97.544172,33.003332
county,48369,Parmer,Parmer County,TX,Texas,-103.043979,34.312721,-102.525184,34.747584
county,48371,Pecos,Pecos County,TX,Texas,-103.585084,30.052808,-101.768377,31.371306
county,48373,Polk,Polk County,TX,Texas,-95.200180,30.489002,-94.537926,31.146578
county,48375,Potter,Potter County,TX,Texas,-102.167471,35.182753,-101.622796,35.620196
county,48377,Presidio,Presidio County,TX,Texas,-104.980291,29.258565,-103.792677,30.629231
county,48379,Rains,Rains County,TX,Texas,-95.987259,32.711563,-95.634949,32.980227
county,48381,Randall,Randall County,TX,Texas,-102.168839,34.747417,-101.622941,35.183364
county,48383,Reagan,Reagan County,TX,Texas,-101.776191,31.079302,-101.266981,31.651319
county,48385,Real,Real County,TX,Texas,-100.063741,29.623495,-99.602776,30.082356
county,48387,Red River,Red River County,TX,Texas,-95.311035,33.317365,-94.732630,33.962646
county,48389,Reeves,Reeves County,TX,Texas,-104.102351,30.766470,-103.010417,32.000125
county,48391,Refugio,Refugio County,TX,Texas,-97.541071,28.061538,-96.764638,28.554807
county,48393,Roberts,Roberts County,TX,Texas,-101.086068,35.619102,-100.539975,36.057712
county,48395,Robertson,Robertson County,TX,Texas,-96.831100,30.695670,-96.235128,31.357129
county,48397,Rockwall,Rockwall County,TX,Texas,-96.518970,32.813218,-96.297172,32.982986
county,48399,Runnels,Runnels County,TX,Texas,-100.235992,31.576736,-99.713971,32.082638
county,48401,Rusk,Rusk County,TX,Texas,-94.985957,31.843776,-94.452513,32.407625
county,48403,Sabine,Sabine County,TX,Texas,-94.048926,31.134246,-93.595045,31.611710
county,48405,San Augustine,San Augustine County,TX,Texas,-94.399620,31.099280,-93.983231,31.653596
county,48407,San Jacinto,San Jacinto County,TX,Texas,-95.359156,30.319534,-94.829719,30.906719
county,48409,San Patricio,San Patricio County,TX,Texas,-97.908677,27.821279,-97.135350,28.179296
county,48411,San Saba,San Saba County,TX,Texas,-99.092431,30.920343,-98.414508,31.490302
county,48413,Schleicher,Schleicher County,TX,Texas,-100.962176,30.706071,-100.115216,31.088733
county,48415,Scurry,Scurry County,TX,Texas,-101.174562,32.525270,-100.655870,32.970225
county,48417,Shackelford,Shackelford County,TX,Texas,-99.612222,32.514654,-99.095762,32.957101
county,48419,Shelby,Shelby County,TX,Texas,-94.511471,31.569419,-93.794548,31.980159
county,48421,Sherman,Sherman County,TX,Texas,-102.163015,36.055210,-101.623466,36.500684
county,48423,Smith,Smith County,TX,Texas,-95.594541,32.135399,-94.985272,32.687026
county,48425,Somervell,Somervell County,TX,Texas,-97.945625,32.087328,-97.615087,32.318617
county,48427,Starr,Starr County,TX,Texas,-99.171748,26.235246,-98.320670,26.785694
county,48429,Stephens,Stephens County,TX,Texas,-99.096050,32.514690,-98.575616,32.957234
county,48431,Sterling,Sterling County,TX,Texas,-101.267630,31.556462,-100.821594,32.087208
county,48433,Stonewall,Stonewall County,TX,Texas,-100.519208,32.959834,-99.988827,33.398035
county,48435,Sutton,Sutton County,TX,Texas,-100.960749,30.287776,-100.116234,30.710366
county,48437,Swisher,Swisher County,TX,Texas,-101.998493,34.312204,-101.471379,34.748190
county,48439,Tarrant,Tarrant County,TX,Texas,-97.550582,32.548666,-97.031007,32.994194
county,48441,Taylor,Taylor County,TX,Texas,-100.151911,32.081203,-99.629579,32.523001
county,48443,Terrell,Terrell County,TX,Texas,-102.567049,29.779134,-101.646245,30.658323
county,48445,Terry,Terry County,TX,Texas,-102.595023,32.958572,-102.075382,33.389586
county,48447,Throckmorton,Throckmorton County,TX,Texas,-99.472444,32.956415,-98.950875,33.399023
county,48449,Titus,Titus County,TX,Texas,-95.126130,32.982453,-94.808783,33.398480
county,48451,Tom Green,Tom Green County,TX,Texas,-101.267947,31.086219,-100.111234,31.705418
county,48453,Travis,Travis County,TX,Texas,-98.172977,30.023451,-97.369539,30.628249
county,48455,Trinity,Trinity County,TX,Texas,-95.434781,30.824566,-94.842947,31.386930
county,48457,Tyler,Tyler County,TX,Texas,-94.657992,30.526033,-94.050960,31.059126
county,48459,Upshur,Upshur County,TX,Texas,-95.153410,32.516477,-94.672351,32.904502
county,48461,Upton,Upton County,TX,Texas,-102.318050,31.079784,-101.775381,31.651585
county,48463,Uvalde,Uvalde County,TX,Texas,-100.112287,29.086318,-99.411817,29.627691
county,48465,Val Verde,Val Verde County,TX,Texas,-101.760924,29.237579,-100.699141,30.288527
county,48467,Van Zandt,Van Zandt County,TX,Texas,-96.076801,32.355134,-95.449165,32.838489
county,48469,Victoria,Victoria County,TX,Texas,-97.305916,28.485712,-96.642505,29.104046
county,48471,Walker,Walker County,TX,Texas,-95.863059,30.504369,-95.327480,31.058098
county,48473,Waller,Waller County,TX,Texas,-96.192208,29.727944,-95.803330,30.245645
county,48475,Ward,Ward County,TX,Texas,-103.610887,31.266881,-102.767246,31.651802
county,48477,Washington,Washington County,TX,Texas,-96.794552,30.044283,-96.080839,30.399890
county,48479,Webb,Webb County,TX,Texas,-100.212166,27.259371,-98.798087,28.204627
county,48481,Wharton,Wharton County,TX,Texas,-96.640315,28.963291,-95.841948,29.633806
county,48483,Wheeler,Wheeler County,TX,Texas,-100.540215,35.182702,-100.000385,35.619588
county,48485,Wichita,Wichita County,TX,Texas,-98.953202,33.834025,-98.422997,34.212579
county,48487,Wilbarger,Wilbarger County,TX,Texas,-99.475650,33.834005,-98.952358,34.458845
county,48489,Willacy,Willacy County,TX,Texas,-98.004189,26.299304,-97.224946,26.611769
county,48491,Williamson,Williamson County,TX,Texas,-98.049886,30.402843,-97.155219,30.904414
county,48493,Wilson,Wilson County,TX,Texas,-98.407336,28.882333,-97.728443,29.441751
county,48495,Winkler,Winkler County,TX,Texas,-103.327538,31.651306,-102.798381,32.087153
county,48497,Wise,Wise County,TX,Texas,-97.921642,32.990839,-97.383015,33.434011
county,48499,Wood,Wood County,TX,Texas,-95.665389,32.540968,-95.149962,33.013450
county,48501,Yoakum,Yoakum County,TX,Texas,-103.064679,32.958548,-102.594234,33.388489
county,48503,Young,Young County,TX,Texas,-98.953938,32.952300,-98.420436,33.397534
county,48505,Zapata,Zapata County,TX,Texas,-99.453796,26.571674,-98.954230,27.319174
county,48507,Zavala,Zavala County,TX,Texas,-100.114336,28.640566,-99.409021,29.091335
county,49001,Beaver,Beaver County,UT,Utah,-114.050485,38.147419,-112.335442,38.572974
county,49003,Box Elder,Box Elder County,UT,Utah,-114.042553,40.999897,-111.873314,42.001515
county,49005,Cache,Cache County,UT,Utah,-112.166008,41.368818,-111.401634,41.999541
county,49007,Carbon,Carbon County,UT,Utah,-111.247496,39.467455,-109.874021,39.814128
county,49009,Daggett,Daggett County,UT,Utah,-110.000711,40.662385,-109.048373,41.002059
county,49011,Davis,Davis County,UT,Utah,-112.493515,40.769093,-111.738912,41.154384
county,49013,Duchesne,Duchesne County,UT,Utah,-110.905004,39.806230,-109.976402,40.834805
county,49015,Emery,Emery County,UT,Utah,-111.307011,38.499978,-109.987782,39.704373
county,49017,Garfield,Garfield County,UT,Utah,-112.689297,37.535795,-109.927266,38.153786
county,49019,Grand,Grand County,UT,Utah,-110.179296,38.499931,-109.050765,39.499836
county,49021,Iron,Iron County,UT,Utah,-114.052472,37.474298,-112.467021,38.148763
county,49023,Juab,Juab County,UT,Utah,-114.047783,39.314483,-111.584754,40.011656
county,49025,Kane,Kane County,UT,Utah,-112.901283,37.000320,-110.639432,37.543692
county,49027,Millard,Millard County,UT,Utah,-114.050154,38.571358,-112.014017,39.553987
county,49029,Morgan,Morgan County,UT,Utah,-111.876596,40.780039,-111.221478,41.373958
county,49031,Piute,Piute County,UT,Utah,-112.519142,38.145769,-111.766393,38.511347
county,49033,Rich,Rich County,UT,Utah,-111.512000,41.141066,-111.045789,42.001702
county,49035,Salt Lake,Salt Lake County,UT,Utah,-112.260216,40.414289,-111.553266,40.921846
county,49037,San Juan,San Juan County,UT,Utah,-111.413014,36.997968,-109.041058,38.500028
county,49039,Sanpete,Sanpete County,UT,Utah,-112.016003,39.032311,-111.247078,39.813163
county,49041,Sevier,Sevier County,UT,Utah,-112.522539,38.501913,-111.298196,39.045577
county,49043,Summit,Summit County,UT,Utah,-111.649129,40.548332,-110.000708,41.251627
county,49045,Tooele,Tooele County,UT,Utah,-114.047134,39.903675,-112.144383,41.076888
county,49047,Uintah,Uintah County,UT,Utah,-110.048230,39.461801,-109.048044,40.858412
county,49049,Utah,Utah County,UT,Utah,-112.214178,39.776339,-110.857647,40.577908
county,49051,Wasatch,Wasatch County,UT,Utah,-111.620952,39.899654,-110.891655,40.690935
county,49053,Washington,Washington County,UT,Utah,-114.052962,36.999976,-112.899074,37.618289
county,49055,Wayne,Wayne County,UT,Utah,-111.848761,38.149986,-109.885106,38.510169
county,49057,Weber,Weber County,UT,Utah,-112.493515,41.076888,-111.420728,41.433873
county,50001,Addison,Addison County,VT,Vermont,-73.437740,43.753181,-72.742241,44.303743
county,50003,Bennington,Bennington County,VT,Vermont,-73.290944,42.739157,-72.819619,43.314493
county,50005,Caledonia,Caledonia County,VT,Vermont,-72.434683,44.157078,-71.837067,44.769441
county,50007,Chittenden,Chittenden County,VT,Vermont,-73.362632,44.161412,-72.802375,44.722806
county,50009,Essex,Essex County,VT,Vermont,-71.974825,44.347720,-71.464555,45.013637
county,50011,Franklin,Franklin County,VT,Vermont,-73.259009,44.633214,-72.533280,45.016659
county,50013,Grand Isle,Grand Isle County,VT,Vermont,-73.390231,44.564315,-73.191275,45.013613
county,50015,Lamoille,Lamoille County,VT,Vermont,-72.927279,44.398297,-72.368385,44.804039
county,50017,Orange,Orange County,VT,Vermont,-72.791775,43.771260,-72.030897,44.220781
county,50019,Orleans,Orleans County,VT,Vermont,-72.579075,44.542489,-71.877857,45.008870
county,50021,Rutland,Rutland County,VT,Vermont,-73.431229,43.290551,-72.699795,43.858060
county,50023,Washington,Washington County,VT,Vermont,-72.952204,44.012810,-72.217078,44.506019
county,50025,Windham,Windham County,VT,Vermont,-73.008133,42.726853,-72.432661,43.262847
county,50027,Windsor,Windsor County,VT,Vermont,-72.980230,43.222580,-72.205139,43.962244
county,51001,Accomack,Accomack County,VA,Virginia,-76.046530,37.448562,-75.242469,38.027028
county,51003,Albemarle,Albemarle County,VA,Virginia,-78.838874,37.722747,-78.209384,38.277933
county,51005,Alleghany,Alleghany County,VA,Virginia,-80.296138,37.596428,-79.606229,37.960503
county,51007,Amelia,Amelia County,VA,Virginia,-78.240703,37.192241,-77.648942,37.497971
county,51009,Amherst,Amherst County,VA,Virginia,-79.436947,37.385846,-78.867640,37.814141
county,51011,Appomattox,Appomattox County,VA,Virginia,-79.021687,37.201852,-78.594436,37.552542
county,51013,Arlington,Arlington County,VA,Virginia,-77.172276,38.827357,-77.031698,38.934370
county,51015,Augusta,Augusta County,VA,Virginia,-79.533311,37.881587,-78.749396,38.477661
county,51017,Bath,Bath County,VA,Virginia,-80.056329,37.844458,-79.436678,38.266413
county,51019,Bedford,Bedford County,VA,Virginia,-79.858405,37.005927,-79.185433,37.618248
county,51021,Bland,Bland County,VA,Virginia,-81.462279,36.952442,-80.854627,37.302279
county,51023,Botetourt,Botetourt County,VA,Virginia,-80.074119,37.309352,-79.498699,37.800973
county,51025,Brunswick,Brunswick County,VA,Virginia,-78.046211,36.544168,-77.655841,37.024535
county,51027,Buchanan,Buchanan County,VA,Virginia,-82.306892,37.038217,-81.739277,37.538035
county,51029,Buckingham,Buckingham County,VA,Virginia,-78.833150,37.329612,-78.239748,37.796956
county,51031,Campbell,Campbell County,VA,Virginia,-79.442859,37.022288,-78.824209,37.433677
county,51033,Caroline,Caroline County,VA,Virginia,-77.643605,37.776307,-77.068724,38.252616
county,51035,Carroll,Carroll County,VA,Virginia,-81.042428,36.557872,-80.453770,36.931780
county,51036,Charles City,Charles City County,VA,Virginia,-77.271575,37.234275,-76.871685,37.490600
county,51037,Charlotte,Charlotte County,VA,Virginia,-78.904587,36.697909,-78.443644,37.248759
county,51041,Chesterfield,Chesterfield County,VA,Virginia,-77.878271,37.217142,-77.244167,37.563986
county,51043,Clarke,Clarke County,VA,Virginia,-78.151696,38.979438,-77.828302,39.264621
county,51045,Craig,Craig County,VA,Virginia,-80.472797,37.316378,-79.969071,37.660290
county,51047,Culpeper,Culpeper County,VA,Virginia,-78.231803,38.308389,-77.618727,38.699018
county,51049,Cumberland,Cumberland County,VA,Virginia,-78.465089,37.301678,-78.072174,37.749370
county,51051,Dickenson,Dickenson County,VA,Virginia,-82.553864,36.955717,-82.136024,37.306287
county,51053,Dinwiddie,Dinwiddie County,VA,Virginia,-77.900254,36.873966,-77.394645,37.270877
county,51057,Essex,Essex County,VA,Virginia,-77.170100,37.728605,-76.680501,38.162031
county,51059,Fairfax,Fairfax County,VA,Virginia,-77.536976,38.617675,-77.040373,39.057795
county,51061,Fauquier,Fauquier County,VA,Virginia,-78.131267,38.409554,-77.531328,39.013733
county,51063,Floyd,Floyd County,VA,Virginia,-80.633987,36.708718,-80.104413,37.123209
county,51065,Fluvanna,Fluvanna County,VA,Virginia,-78.491345,37.690337,-78.062481,38.006474
county,51067,Franklin,Franklin County,VA,Virginia,-80.235455,36.780752,-79.592308,37.232998
county,51069,Frederick,Frederick County,VA,Virginia,-78.544193,39.007994,-78.033185,39.466012
county,51071,Giles,Giles County,VA,Virginia,-81.014489,37.147482,-80.430943,37.481672
county,51073,Gloucester,Gloucester County,VA,Virginia,-76.712305,37.243387,-76.352556,37.603174
county,51075,Goochland,Goochland County,VA,Virginia,-78.159326,37.563986,-77.616430,37.905108
county,51077,Grayson,Grayson County,VA,Virginia,-81.677535,36.559131,-80.837954,36.806448
county,51079,Greene,Greene County,VA,Virginia,-78.663145,38.184146,-78.288478,38.475527
county,51081,Greensville,Greensville County,VA,Virginia,-77.767123,36.544739,-77.296814,36.898336
county,51083,Halifax,Halifax County,VA,Virginia,-79.218460,36.541493,-78.549230,37.061498
county,51085,Hanover,Hanover County,VA,Virginia,-77.797322,37.538088,-77.107960,38.008168
county,51087,Henrico,Henrico County,VA,Virginia,-77.655399,37.351972,-77.177324,37.710410
county,51089,Henry,Henry County,VA,Virginia,-80.095141,36.542002,-79.640652,36.856139
county,51091,Highland,Highland County,VA,Virginia,-79.810154,38.180419,-79.308161,38.591515
county,51093,Isle of Wight,Isle of Wight County,VA,Virginia,-76.930272,36.644050,-76.485528,37.142060
county,51095,James City,James City County,VA,Virginia,-76.915863,37.168841,-76.577975,37.467076
county,51097,King and Queen,King and Queen County,VA,Virginia,-77.186961,37.431309,-76.645644,37.972169
county,51099,King George,King George County,VA,Virginia,-77.347440,38.141131,-77.000997,38.400548
county,51101,King William,King William County,VA,Virginia,-77.345575,37.517594,-76.777131,37.910265
county,51103,Lancaster,Lancaster County,VA,Virginia,-76.635782,37.609017,-76.279447,37.841212
county,51105,Lee,Lee County,VA,Virginia,-83.675395,36.593730,-82.771595,36.892796
county,51107,Loudoun,Loudoun County,VA,Virginia,-77.962203,38.846592,-77.328281,39.324192
county,51109,Louisa,Louisa County,VA,Virginia,-78.306763,37.729318,-77.687469,38.152376
county,51111,Lunenburg,Lunenburg County,VA,Virginia,-78.493028,36.776215,-78.003639,37.120089
county,51113,Madison,Madison County,VA,Virginia,-78.452801,38.230089,-78.082756,38.627312
county,51115,Mathews,Mathews County,VA,Virginia,-76.451828,37.310498,-76.247751,37.535542
county,51117,Mecklenburg,Mecklenburg County,VA,Virginia,-78.740275,36.540981,-78.027411,36.891220
county,51119,Middlesex,Middlesex County,VA,Virginia,-76.751193,37.510297,-76.297960,37.770456
county,51121,Montgomery,Montgomery County,VA,Virginia,-80.615810,36.981477,-80.177673,37.368833
county,51125,Nelson,Nelson County,VA,Virginia,-79.172131,37.535642,-78.640784,38.047370
county,51127,New Kent,New Kent County,VA,Virginia,-77.240988,37.377665,-76.741984,37.626881
county,51131,Northampton,Northampton County,VA,Virginia,-76.025753,37.084598,-75.661013,37.557265
county,51133,Northumberland,Northumberland County,VA,Virginia,-76.634547,37.684566,-76.236725,38.027324
county,51135,Nottoway,Nottoway County,VA,Virginia,-78.239354,36.982735,-77.795926,37.296220
county,51137,Orange,Orange County,VA,Virginia,-78.368984,38.117622,-77.702843,38.393056
county,51139,Page,Page County,VA,Virginia,-78.691312,38.421579,-78.284805,38.822790
county,51141,Patrick,Patrick County,VA,Virginia,-80.625704,36.542537,-80.041493,36.872130
county,51143,Pittsylvania,Pittsylvania County,VA,Virginia,-79.714840,36.540738,-79.092264,37.137454
county,51145,Powhatan,Powhatan County,VA,Virginia,-78.132048,37.414945,-77.655399,37.691657
county,51147,Prince Edward,Prince Edward County,VA,Virginia,-78.692472,37.078171,-78.231234,37.398019
county,51149,Prince George,Prince George County,VA,Virginia,-77.399203,36.992985,-76.972439,37.321012
county,51153,Prince William,Prince William County,VA,Virginia,-77.715890,38.500950,-77.223928,38.942746
county,51155,Pulaski,Pulaski County,VA,Virginia,-80.930627,36.879001,-80.515179,37.244871
county,51157,Rappahannock,Rappahannock County,VA,Virginia,-78.338176,38.520792,-77.935355,38.865485
county,51159,Richmond,Richmond County,VA,Virginia,-76.939407,37.796239,-76.507828,38.124444
county,51161,Roanoke,Roanoke County,VA,Virginia,-80.262184,37.109095,-79.839607,37.422469
county,51163,Rockbridge,Rockbridge County,VA,Virginia,-79.688770,37.532797,-79.143963,38.086054
county,51165,Rockingham,Rockingham County,VA,Virginia,-79.224309,38.206648,-78.485740,38.850102
county,51167,Russell,Russell County,VA,Virginia,-82.406633,36.708969,-81.780545,37.142553
county,51169,Scott,Scott County,VA,Virginia,-82.985124,36.593461,-82.294139,36.885606
county,51171,Shenandoah,Shenandoah County,VA,Virginia,-78.869276,38.604719,-78.300414,39.102860
county,51173,Smyth,Smyth County,VA,Virginia,-81.837096,36.633997,-81.261987,37.018476
county,51175,Southampton,Southampton County,VA,Virginia,-77.501917,36.543815,-76.814941,36.996211
county,51177,Spotsylvania,Spotsylvania County,VA,Virginia,-77.947054,37.990688,-77.370297,38.378107
county,51179,Stafford,Stafford County,VA,Virginia,-77.635231,38.242423,-77.287097,38.592571
county,51181,Surry,Surry County,VA,Virginia,-77.155976,36.944450,-76.663774,37.248501
county,51183,Sussex,Sussex County,VA,Virginia,-77.619029,36.707218,-76.953546,37.112034
county,51185,Tazewell,Tazewell County,VA,Virginia,-81.901756,36.932934,-81.225104,37.337687
county,51187,Warren,Warren County,VA,Virginia,-78.394704,38.757166,-78.004313,39.036629
county,51191,Washington,Washington County,VA,Virginia,-82.332078,36.594213,-81.605381,36.929039
county,51193,Westmoreland,Westmoreland County,VA,Virginia,-77.064658,37.965562,-76.521387,38.277428
county,51195,Wise,Wise County,VA,Virginia,-82.878639,36.798959,-82.298596,37.202819
county,51197,Wythe,Wythe County,VA,Virginia,-81.379402,36.757621,-80.740483,37.073349
county,51199,York,York County,VA,Virginia,-76.755511,37.091783,-76.386630,37.380139
county,51510,Alexandria,Alexandria city,VA,Virginia,-77.144359,38.785355,-77.037356,38.844909
county,51520,Bristol,Bristol city,VA,Virginia,-82.239448,36.594607,-82.102990,36.677656
county,51530,Buena Vista,Buena Vista city,VA,Virginia,-79.381509,37.695747,-79.326012,37.762093
county,51540,Charlottesville,Charlottesville city,VA,Virginia,-78.523680,38.009737,-78.446300,38.070509
county,51550,Chesapeake,Chesapeake city,VA,Virginia,-76.491483,36.550467,-76.065553,36.866548
county,51570,Colonial Heights,Colonial Heights city,VA,Virginia,-77.431794,37.233208,-77.362082,37.298549
county,51580,Covington,Covington city,VA,Virginia,-80.008893,37.748244,-79.966060,37.813561
county,51590,Danville,Danville city,VA,Virginia,-79.519273,36.541025,-79.302564,36.644037
county,51595,Emporia,Emporia city,VA,Virginia,-77.563996,36.671961,-77.507331,36.720588
county,51600,Fairfax,Fairfax city,VA,Virginia,-77.334822,38.832822,-77.268727,38.871684
county,51610,Falls Church,Falls Church city,VA,Virginia,-77.194949,38.872626,-77.149701,38.899723
county,51620,Franklin,Franklin city,VA,Virginia,-76.969434,36.647146,-76.909672,36.708680
county,51630,Fredericksburg,Fredericksburg city,VA,Virginia,-77.532686,38.270151,-77.447126,38.326440
county,51640,Galax,Galax city,VA,Virginia,-80.950021,36.625128,-80.877274,36.695963
county,51650,Hampton,Hampton city,VA,Virginia,-76.451307,36.981808,-76.271355,37.113044
county,51660,Harrisonburg,Harrisonburg city,VA,Virginia,-78.917871,38.389766,-78.824320,38.489518
county,51670,Hopewell,Hopewell city,VA,Virginia,-77.337687,37.257644,-77.252442,37.317656
county,51678,Lexington,Lexington city,VA,Virginia,-79.461582,37.765219,-79.415309,37.794748
county,51680,Lynchburg,Lynchburg city,VA,Virginia,-79.271389,37.332637,-79.084599,37.469184
county,51683,Manassas,Manassas city,VA,Virginia,-77.526661,38.706106,-77.447759,38.781160
county,51685,Manassas Park,Manassas Park city,VA,Virginia,-77.478795,38.749654,-77.419425,38.788391
county,51690,Martinsville,Martinsville city,VA,Virginia,-79.904077,36.643805,-79.826259,36.715337
county,51700,Newport News,Newport News city,VA,Virginia,-76.625622,36.962332,-76.387711,37.220539
county,51710,Norfolk,Norfolk city,VA,Virginia,-76.330207,36.820757,-76.176325,36.969001
county,51720,Norton,Norton city,VA,Virginia,-82.663539,36.900116,-82.589190,36.959671
county,51730,Petersburg,Petersburg city,VA,Virginia,-77.454916,37.165095,-77.329767,37.244849
county,51735,Poquoson,Poquoson city,VA,Virginia,-76.413488,37.096844,-76.295757,37.169157
county,51740,Portsmouth,Portsmouth city,VA,Virginia,-76.420368,36.786062,-76.289962,36.924435
county,51750,Radford,Radford city,VA,Virginia,-80.596409,37.089662,-80.507925,37.150913
county,51760,Richmond,Richmond city,VA,Virginia,-77.601173,37.446628,-77.385513,37.602810
county,51770,Roanoke,Roanoke city,VA,Virginia,-80.037564,37.211988,-79.878550,37.337421
county,51775,Salem,Salem city,VA,Virginia,-80.120490,37.252200,-80.013382,37.324293
county,51790,Staunton,Staunton city,VA,Virginia,-79.113665,38.121176,-79.011381,38.199018
county,51800,Suffolk,Suffolk city,VA,Virginia,-76.930936,36.550312,-76.404140,36.922500
county,51810,Virginia Beach,Virginia Beach city,VA,Virginia,-76.228060,36.550412,-75.867647,36.932146
county,51820,Waynesboro,Waynesboro city,VA,Virginia,-78.950700,38.031403,-78.855918,38.099802
county,51830,Williamsburg,Williamsburg city,VA,Virginia,-76.742984,37.247226,-76.664233,37.310104
county,51840,Winchester,Winchester city,VA,Virginia,-78.200497,39.131065,-78.136725,39.204759
county,53001,Adams,Adams County,WA,Washington,-119.369429,46.735630,-117.959335,47.261709
county,53003,Asotin,Asotin County,WA,Washington,-117.479988,45.995413,-116.915989,46.462245
county,53005,Benton,Benton County,WA,Washington,-119.876725,45.835941,-118.941212,46.727687
county,53007,Chelan,Chelan County,WA,Washington,-121.180776,47.260935,-119.859734,48.550836
county,53009,Clallam,Clallam County,WA,Washington,-124.763068,47.866676,-122.914982,48.395611
county,53011,Clark,Clark County,WA,Washington,-122.795963,45.543541,-122.244515,46.059632
county,53013,Columbia,Columbia County,WA,Washington,-118.242533,45.998889,-117.603296,46.624670
county,53015,Cowlitz,Cowlitz County,WA,Washington,-123.218309,45.850536,-122.239481,46.388043
county,53017,Douglas,Douglas County,WA,Washington,-120.318084,47.220133,-118.950782,48.151187
county,53019,Ferry,Ferry County,WA,Washington,-118.869852,47.830363,-118.104523,49.000407
county,53021,Franklin,Franklin County,WA,Washington,-119.457459,46.192667,-118.198264,46.738833
county,53023,Garfield,Garfield County,WA,Washington,-117.863347,45.997869,-117.228009,46.703168
county,53025,Grant,Grant County,WA,Washington,-120.042866,46.625464,-118.972823,47.962130
county,53027,Grays Harbor,Grays Harbor County,WA,Washington,-124.354854,46.790916,-123.158364,47.533898
county,53029,Island,Island County,WA,Washington,-122.845271,47.904023,-122.349597,48.411565
county,53031,Jefferson,Jefferson County,WA,Washington,-124.610763,47.517716,-122.610341,48.144344
county,53033,King,King County,WA,Washington,-122.528130,47.084402,-121.065945,47.780576
county,53035,Kitsap,Kitsap County,WA,Washington,-123.023719,47.403091,-122.470333,47.940772
county,53037,Kittitas,Kittitas County,WA,Washington,-121.465951,46.737032,-119.925605,47.597874
county,53039,Klickitat,Klickitat County,WA,Washington,-121.612558,45.606098,-119.865829,46.044887
county,53041,Lewis,Lewis County,WA,Washington,-123.372706,46.383458,-121.353182,46.794427
county,53043,Lincoln,Lincoln County,WA,Washington,-118.979777,47.260120,-117.819405,47.957906
county,53045,Mason,Mason County,WA,Washington,-123.505923,47.082259,-122.800624,47.607432
county,53047,Okanogan,Okanogan County,WA,Washington,-120.885640,47.940857,-118.836614,49.000705
county,53049,Pacific,Pacific County,WA,Washington,-124.098343,46.239787,-123.357651,46.794241
county,53051,Pend Oreille,Pend Oreille County,WA,Washington,-117.629421,48.045464,-117.032107,49.000364
county,53053,Pierce,Pierce County,WA,Washington,-122.841858,46.728406,-121.374115,47.403675
county,53055,San Juan,San Juan County,WA,Washington,-123.237823,48.418011,-122.741478,48.788579
county,53057,Skagit,Skagit County,WA,Washington,-122.740482,48.296009,-120.686097,48.657003
county,53059,Skamania,Skamania County,WA,Washington,-122.250210,45.547773,-121.514380,46.388627
county,53061,Snohomish,Snohomish County,WA,Washington,-122.405474,47.775349,-120.907399,48.298988
county,53063,Spokane,Spokane County,WA,Washington,-117.823629,47.259272,-117.039843,48.047874
county,53065,Stevens,Stevens County,WA,Washington,-118.402407,47.792295,-117.429968,49.000843
county,53067,Thurston,Thurston County,WA,Washington,-123.203101,46.762038,-122.203115,47.190337
county,53069,Wahkiakum,Wahkiakum County,WA,Washington,-123.727896,46.144632,-123.213054,46.385617
county,53071,Walla Walla,Walla Walla County,WA,Washington,-119.041498,45.999791,-117.991481,46.606812
county,53073,Whatcom,Whatcom County,WA,Washington,-123.090546,48.640448,-120.655857,49.002494
county,53075,Whitman,Whitman County,WA,Washington,-118.249203,46.416779,-117.039398,47.260568
county,53077,Yakima,Yakima County,WA,Washington,-121.523070,46.040169,-119.865595,47.088750
county,54001,Barbour,Barbour County,WV,West Virginia,-80.227173,38.947236,-79.808791,39.303215
county,54003,Berkeley,Berkeley County,WV,West Virginia,-78.228872,39.264622,-77.823555,39.621003
county,54005,Boone,Boone County,WV,West Virginia,-81.980348,37.763310,-81.453732,38.230901
county,54007,Braxton,Braxton County,WV,West Virginia,-81.031677,38.507045,-80.442091,38.904785
county,54009,Brooke,Brooke County,WV,West Virginia,-80.682782,40.159672,-80.517987,40.399755
county,54011,Cabell,Cabell County,WV,West Virginia,-82.507678,38.228066,-82.047128,38.598783
county,54013,Calhoun,Calhoun County,WV,West Virginia,-81.279482,38.611982,-80.984950,39.045182
county,54015,Clay,Clay County,WV,West Virginia,-81.283872,38.263716,-80.817424,38.667839
county,54017,Doddridge,Doddridge County,WV,West Virginia,-80.913840,39.090388,-80.525644,39.451415
county,54019,Fayette,Fayette County,WV,West Virginia,-81.380829,37.819131,-80.748867,38.263498
county,54021,Gilmer,Gilmer County,WV,West Virginia,-81.056714,38.717898,-80.605799,39.109401
county,54023,Grant,Grant County,WV,West Virginia,-79.487175,38.813340,-78.979898,39.328323
county,54025,Greenbrier,Greenbrier County,WV,West Virginia,-80.893881,37.683858,-79.959844,38.267334
county,54027,Hampshire,Hampshire County,WV,West Virginia,-78.979898,39.088630,-78.338958,39.539512
county,54029,Hancock,Hancock County,WV,West Virginia,-80.667957,40.395007,-80.517690,40.638801
county,54031,Hardy,Hardy County,WV,West Virginia,-79.134296,38.761413,-78.508132,39.237624
county,54033,Harrison,Harrison County,WV,West Virginia,-80.604301,39.100809,-80.166387,39.469599
county,54035,Jackson,Jackson County,WV,West Virginia,-81.910606,38.554370,-81.502628,39.095378
county,54037,Jefferson,Jefferson County,WV,West Virginia,-78.035454,39.132329,-77.719519,39.499500
county,54039,Kanawha,Kanawha County,WV,West Virginia,-81.915197,37.967209,-81.194113,38.626427
county,54041,Lewis,Lewis County,WV,West Virginia,-80.728877,38.722801,-80.300209,39.168793
county,54043,Lincoln,Lincoln County,WV,West Virginia,-82.306391,37.943640,-81.801464,38.376768
county,54045,Logan,Logan County,WV,West Virginia,-82.197169,37.640707,-81.607532,38.025534
county,54047,McDowell,McDowell County,WV,West Virginia,-81.996578,37.201483,-81.311201,37.549010
county,54049,Marion,Marion County,WV,West Virginia,-80.498163,39.386215,-79.938878,39.642108
county,54051,Marshall,Marshall County,WV,West Virginia,-80.869933,39.720812,-80.518891,40.033295
county,54053,Mason,Mason County,WV,West Virginia,-82.221566,38.474547,-81.772843,39.029818
county,54055,Mercer,Mercer County,WV,West Virginia,-81.362156,37.234874,-80.849451,37.597916
county,54057,Mineral,Mineral County,WV,West Virginia,-79.271771,39.237624,-78.657417,39.648487
county,54059,Mingo,Mingo County,WV,West Virginia,-82.420616,37.511472,-81.795537,37.974778
county,54061,Monongalia,Monongalia County,WV,West Virginia,-80.422240,39.435588,-79.763773,39.721350
county,54063,Monroe,Monroe County,WV,West Virginia,-80.858473,37.372363,-80.220984,37.731696
county,54065,Morgan,Morgan County,WV,West Virginia,-78.468639,39.391233,-78.022402,39.695967
county,54067,Nicholas,Nicholas County,WV,West Virginia,-81.231491,38.079129,-80.436514,38.557587
county,54069,Ohio,Ohio County,WV,West Virginia,-80.738604,40.016410,-80.518960,40.186079
county,54071,Pendleton,Pendleton County,WV,West Virginia,-79.649875,38.411876,-79.057253,38.957509
county,54073,Pleasants,Pleasants County,WV,West Virginia,-81.371271,39.268328,-81.007836,39.476432
county,54075,Pocahontas,Pocahontas County,WV,West Virginia,-80.363290,38.036111,-79.617906,38.739811
county,54077,Preston,Preston County,WV,West Virginia,-79.899740,39.194906,-79.476574,39.721245
county,54079,Putnam,Putnam County,WV,West Virginia,-82.064562,38.266605,-81.696348,38.684134
county,54081,Raleigh,Raleigh County,WV,West Virginia,-81.571484,37.507927,-80.877383,37.990007
county,54083,Randolph,Randolph County,WV,West Virginia,-80.280059,38.388457,-79.349366,39.118303
county,54085,Ritchie,Ritchie County,WV,West Virginia,-81.329158,39.007884,-80.808884,39.389119
county,54087,Roane,Roane County,WV,West Virginia,-81.546631,38.521830,-81.082660,38.941645
county,54089,Summers,Summers County,WV,West Virginia,-81.094630,37.428301,-80.660446,37.868878
county,54091,Taylor,Taylor County,WV,West Virginia,-80.205036,39.238250,-79.894688,39.452465
county,54093,Tucker,Tucker County,WV,West Virginia,-79.838093,38.964509,-79.289364,39.271398
county,54095,Tyler,Tyler County,WV,West Virginia,-81.121472,39.294298,-80.618629,39.606926
county,54097,Upshur,Upshur County,WV,West Virginia,-80.409541,38.683995,-80.044432,39.114648
county,54099,Wayne,Wayne County,WV,West Virginia,-82.644739,37.842420,-82.191815,38.421821
county,54101,Webster,Webster County,WV,West Virginia,-80.678291,38.225845,-80.183931,38.739169
county,54103,Wetzel,Wetzel County,WV,West Virginia,-80.943782,39.429120,-80.389704,39.721894
county,54105,Wirt,Wirt County,WV,West Virginia,-81.581447,38.895715,-81.162455,39.185572
county,54107,Wood,Wood County,WV,West Virginia,-81.756254,39.026179,-81.239477,39.410374
county,54109,Wyoming,Wyoming County,WV,West Virginia,-81.857839,37.413338,-81.222121,37.793311
county,55001,Adams,Adams County,WI,Wisconsin,-90.026378,43.641051,-89.597162,44.249473
county,55003,Ashland,Ashland County,WI,Wisconsin,-90.928341,45.981033,-90.300167,47.080621
county,55005,Barron,Barron County,WI,Wisconsin,-92.156815,45.206538,-91.539486,45.639929
county,55007,Bayfield,Bayfield County,WI,Wisconsin,-91.553559,46.154616,-90.750858,47.003105
county,55009,Brown,Brown County,WI,Wisconsin,-88.252562,44.240402,-87.762381,44.679813
county,55011,Buffalo,Buffalo County,WI,Wisconsin,-92.084036,44.025315,-91.528745,44.596834
county,55013,Burnett,Burnett County,WI,Wisconsin,-92.887067,45.639742,-92.031228,46.157597
county,55015,Calumet,Calumet County,WI,Wisconsin,-88.404598,43.891511,-88.041702,44.244102
county,55017,Chippewa,Chippewa County,WI,Wisconsin,-91.666402,44.855951,-90.922247,45.292221
county,55019,Clark,Clark County,WI,Wisconsin,-90.923393,44.422210,-90.315038,45.033829
county,55021,Columbia,Columbia County,WI,Wisconsin,-89.785809,43.281174,-89.004477,43.643670
county,55023,Crawford,Crawford County,WI,Wisconsin,-91.214990,42.988170,-90.665816,43.424552
county,55025,Dane,Dane County,WI,Wisconsin,-89.838567,42.845036,-89.008832,43.294170
county,55027,Dodge,Dodge County,WI,Wisconsin,-89.009532,43.194697,-88.400426,43.633540
county,55029,Door,Door County,WI,Wisconsin,-87.736092,44.675198,-86.805415,45.428539
county,55031,Douglas,Douglas County,WI,Wisconsin,-92.293857,46.156926,-91.550878,46.757488
county,55033,Dunn,Dunn County,WI,Wisconsin,-92.157072,44.683633,-91.649619,45.209572
county,55035,Eau Claire,Eau Claire County,WI,Wisconsin,-91.650455,44.595967,-90.921528,44.857403
county,55037,Florence,Florence County,WI,Wisconsin,-88.684200,45.713065,-88.058256,46.021212
county,55039,Fond du Lac,Fond du Lac County,WI,Wisconsin,-88.886052,43.542844,-88.159927,43.938200
county,55041,Forest,Forest County,WI,Wisconsin,-89.047795,45.377010,-88.425302,46.073680
county,55043,Grant,Grant County,WI,Wisconsin,-91.156813,42.507059,-90.425801,43.211455
county,55045,Green,Green County,WI,Wisconsin,-89.838570,42.500260,-89.365799,42.857739
county,55047,Green Lake,Green Lake County,WI,Wisconsin,-89.245590,43.631724,-88.885181,43.983449
county,55049,Iowa,Iowa County,WI,Wisconsin,-90.429912,42.812862,-89.837912,43.209786
county,55051,Iron,Iron County,WI,Wisconsin,-90.552227,45.981349,-89.928130,46.589995
county,55053,Jackson,Jackson County,WI,Wisconsin,-91.166222,44.070882,-90.312522,44.596987
county,55055,Jefferson,Jefferson County,WI,Wisconsin,-89.013582,42.842460,-88.535843,43.198154
county,55057,Juneau,Juneau County,WI,Wisconsin,-90.312792,43.640929,-89.784901,44.249473
county,55059,Kenosha,Kenosha County,WI,Wisconsin,-88.305891,42.492576,-87.802091,42.669906
county,55061,Kewaunee,Kewaunee County,WI,Wisconsin,-87.766026,44.327184,-87.375078,44.677025
county,55063,La Crosse,La Crosse County,WI,Wisconsin,-91.425188,43.724901,-90.910074,44.090584
county,55065,Lafayette,Lafayette County,WI,Wisconsin,-90.426902,42.505543,-89.837226,42.814816
county,55067,Langlade,Langlade County,WI,Wisconsin,-89.425985,45.028917,-88.638174,45.470015
county,55069,Lincoln,Lincoln County,WI,Wisconsin,-90.046143,45.119098,-89.424284,45.555852
county,55071,Manitowoc,Manitowoc County,WI,Wisconsin,-88.043779,43.891601,-87.507419,44.327589
county,55073,Marathon,Marathon County,WI,Wisconsin,-90.316956,44.681235,-89.223328,45.120604
county,55075,Marinette,Marinette County,WI,Wisconsin,-88.428102,44.966609,-87.491799,45.795613
county,55077,Marquette,Marquette County,WI,Wisconsin,-89.599659,43.642343,-89.167577,43.982856
county,55078,Menominee,Menominee County,WI,Wisconsin,-88.982460,44.855445,-88.483732,45.118070
county,55079,Milwaukee,Milwaukee County,WI,Wisconsin,-88.069924,42.842117,-87.827135,43.192581
county,55081,Monroe,Monroe County,WI,Wisconsin,-90.977832,43.725334,-90.311775,44.161129
county,55083,Oconto,Oconto County,WI,Wisconsin,-88.680066,44.672361,-87.760071,45.378929
county,55085,Oneida,Oneida County,WI,Wisconsin,-90.045198,45.464439,-89.046490,45.901463
county,55087,Outagamie,Outagamie County,WI,Wisconsin,-88.739770,44.241947,-88.189974,44.590630
county,55089,Ozaukee,Ozaukee County,WI,Wisconsin,-88.063908,43.192007,-87.791690,43.543378
county,55091,Pepin,Pepin County,WI,Wisconsin,-92.316228,44.407189,-91.650248,44.684374
county,55093,Pierce,Pierce County,WI,Wisconsin,-92.807988,44.539478,-92.134812,44.862673
county,55095,Polk,Polk County,WI,Wisconsin,-92.888114,45.209252,-92.154443,45.728680
county,55097,Portage,Portage County,WI,Wisconsin,-89.845293,44.243393,-89.223154,44.685847
county,55099,Price,Price County,WI,Wisconsin,-90.679810,45.377171,-90.042273,45.981957
county,55101,Racine,Racine County,WI,Wisconsin,-88.308060,42.610817,-87.757913,42.843609
county,55103,Richland,Richland County,WI,Wisconsin,-90.671652,43.164464,-90.191319,43.554996
county,55105,Rock,Rock County,WI,Wisconsin,-89.369176,42.491983,-88.776299,42.847630
county,55107,Rusk,Rusk County,WI,Wisconsin,-91.541322,45.291561,-90.677980,45.639097
county,55109,St. Croix,St. Croix County,WI,Wisconsin,-92.803079,44.857700,-92.135259,45.210418
county,55111,Sauk,Sauk County,WI,Wisconsin,-90.312435,43.145291,-89.599356,43.642233
county,55113,Sawyer,Sawyer County,WI,Wisconsin,-91.551804,45.637605,-90.676968,46.157908
county,55115,Shawano,Shawano County,WI,Wisconsin,-89.224367,44.584746,-88.242664,45.029604
county,55117,Sheboygan,Sheboygan County,WI,Wisconsin,-88.162274,43.542361,-87.696054,43.892368
county,55119,Taylor,Taylor County,WI,Wisconsin,-90.925981,45.030981,-90.042222,45.382637
county,55121,Trempealeau,Trempealeau County,WI,Wisconsin,-91.612853,43.984177,-91.151932,44.597036
county,55123,Vernon,Vernon County,WI,Wisconsin,-91.273252,43.422271,-90.310997,43.731479
county,55125,Vilas,Vilas County,WI,Wisconsin,-90.043958,45.856579,-88.932752,46.299750
county,55127,Walworth,Walworth County,WI,Wisconsin,-88.778876,42.492023,-88.304692,42.842996
county,55129,Washburn,Washburn County,WI,Wisconsin,-92.050647,45.637605,-91.540174,46.157870
county,55131,Washington,Washington County,WI,Wisconsin,-88.419215,43.191901,-88.039983,43.543532
county,55133,Waukesha,Waukesha County,WI,Wisconsin,-88.542168,42.841915,-88.063353,43.196048
county,55135,Waupaca,Waupaca County,WI,Wisconsin,-89.224813,44.242594,-88.605111,44.681365
county,55137,Waushara,Waushara County,WI,Wisconsin,-89.598060,43.982000,-88.885707,44.245725
county,55139,Winnebago,Winnebago County,WI,Wisconsin,-88.886752,43.892977,-88.403195,44.244386
county,55141,Wood,Wood County,WI,Wisconsin,-90.318032,44.247678,-89.724526,44.685446
county,56001,Albany,Albany County,WY,Wyoming,-106.322885,40.996886,-105.271433,42.433236
county,56003,Big Horn,Big Horn County,WY,Wyoming,-108.622147,44.165666,-107.145001,45.000673
county,56005,Campbell,Campbell County,WY,Wyoming,-106.025240,43.494800,-105.074791,45.000405
county,56007,Carbon,Carbon County,WY,Wyoming,-107.929984,40.999123,-106.068406,42.434356
county,56009,Converse,Converse County,WY,Wyoming,-106.078236,42.288859,-104.892331,43.499640
county,56011,Crook,Crook County,WY,Wyoming,-105.086151,44.176130,-104.054840,45.000112
county,56013,Fremont,Fremont County,WY,Wyoming,-110.053637,42.261400,-107.501425,44.009157
county,56015,Goshen,Goshen County,WY,Wyoming,-104.655639,41.564168,-104.052540,42.611964
county,56017,Hot Springs,Hot Springs County,WY,Wyoming,-109.312977,43.459612,-107.595105,44.079760
county,56019,Johnson,Johnson County,WY,Wyoming,-107.371447,43.491786,-106.008477,44.563981
county,56021,Laramie,Laramie County,WY,Wyoming,-105.280636,40.998048,-104.052160,41.656655
county,56023,Lincoln,Lincoln County,WY,Wyoming,-111.047109,41.577519,-110.046408,43.315960
county,56025,Natrona,Natrona County,WY,Wyoming,-107.543526,42.430488,-106.070569,43.501897
county,56027,Niobrara,Niobrara County,WY,Wyoming,-104.899941,42.608787,-104.052583,43.503324
county,56029,Park,Park County,WY,Wyoming,-111.054556,43.801340,-108.550562,45.005815
county,56031,Platte,Platte County,WY,Wyoming,-105.286511,41.653007,-104.653306,42.610064
county,56033,Sheridan,Sheridan County,WY,Wyoming,-107.911518,44.556777,-106.009676,45.001426
county,56035,Sublette,Sublette County,WY,Wyoming,-110.623477,42.263319,-109.043456,43.464783
county,56037,Sweetwater,Sweetwater County,WY,Wyoming,-110.054409,40.997330,-107.503821,42.270744
county,56039,Teton,Teton County,WY,Wyoming,-111.053610,43.235108,-110.051311,44.666805
county,56041,Uinta,Uinta County,WY,Wyoming,-111.046723,40.994746,-110.048000,41.579845
county,56043,Washakie,Washakie County,WY,Wyoming,-108.550758,43.500259,-107.110734,44.168455
county,56045,Weston,Weston County,WY,Wyoming,-105.081407,43.498445,-104.054597,44.181622
county,60010,Eastern,Eastern District,AS,American Samoa,-170.740401,-14.330248,-170.545733,-14.229563
county,60020,Manu'a,Manu'a District,AS,American Samoa,-169.687743,-14.272163,-169.418802,-14.155080
county,60030,Rose Island,Rose Island,AS,American Samoa,-168.152307,-14.548699,-168.143300,-14.535588
county,60040,Swains Island,Swains Island,AS,American Samoa,-171.089874,-11.064603,-171.065800,-11.046934
county,60050,Western,Western District,AS,American Samoa,-170.847000,-14.373740,-170.705434,-14.287304
county,66010,Guam,Guam,GU,Guam,144.618068,13.234189,144.956712,13.654383
county,69085,Northern Islands,Northern Islands Municipality,MP,Commonwealth of the Northern Mariana Islands,144.886369,16.005393,146.064525,20.553247
county,69100,Rota,Rota Municipality,MP,Commonwealth of the Northern Mariana Islands,145.121159,14.110472,145.290434,14.200339
county,69110,Saipan,Saipan Municipality,MP,Commonwealth of the Northern Mariana Islands,145.690141,15.091922,145.830418,15.290037
county,69120,Tinian,Tinian Municipality,MP,Commonwealth of the Northern Mariana Islands,145.537435,14.840414,145.673572,15.100777
county,72001,Adjuntas,Adjuntas Municipio,PR,Puerto Rico,-66.837235,18.112008,-66.664697,18.250325
county,72003,Aguada,Aguada Municipio,PR,Puerto Rico,-67.239148,18.312914,-67.126434,18.415568
county,72005,Aguadilla,Aguadilla Municipio,PR,Puerto Rico,-67.169518,18.386090,-67.056404,18.513352
county,72007,Aguas Buenas,Aguas Buenas Municipio,PR,Puerto Rico,-66.190676,18.197704,-66.066103,18.303321
county,72009,Aibonito,Aibonito Municipio,PR,Puerto Rico,-66.320913,18.075884,-66.216464,18.180349
county,72011,Añasco,Añasco Municipio,PR,Puerto Rico,-67.225325,18.242814,-67.037935,18.323960
county,72013,Arecibo,Arecibo Municipio,PR,Puerto Rico,-66.770658,18.315227,-66.579868,18.493081
county,72015,Arroyo,Arroyo Municipio,PR,Puerto Rico,-66.095136,17.953194,-66.019619,18.040434
county,72017,Barceloneta,Barceloneta Municipio,PR,Puerto Rico,-66.593199,18.389574,-66.521180,18.489952
county,72019,Barranquitas,Barranquitas Municipio,PR,Puerto Rico,-66.373874,18.152088,-66.240460,18.249704
county,72021,Bayamón,Bayamón Municipio,PR,Puerto Rico,-66.213537,18.258840,-66.118360,18.430998
county,72023,Cabo Rojo,Cabo Rojo Municipio,PR,Puerto Rico,-67.215079,17.930970,-67.098626,18.168124
county,72025,Caguas,Caguas Municipio,PR,Puerto Rico,-66.117774,18.113069,-65.997650,18.312344
county,72027,Camuy,Camuy Municipio,PR,Puerto Rico,-66.901384,18.343280,-66.810603,18.491201
county,72029,Canóvanas,Canóvanas Municipio,PR,Puerto Rico,-65.931340,18.252738,-65.836387,18.413682
county,72031,Carolina,Carolina Municipio,PR,Puerto Rico,-66.043086,18.270130,-65.901782,18.457574
county,72033,Cataño,Cataño Municipio,PR,Puerto Rico,-66.170306,18.421561,-66.110845,18.462331
county,72035,Cayey,Cayey Municipio,PR,Puerto Rico,-66.226945,18.036917,-66.051162,18.169077
county,72037,Ceiba,Ceiba Municipio,PR,Puerto Rico,-65.766831,18.199720,-65.575767,18.296755
county,72039,Ciales,Ciales Municipio,PR,Puerto Rico,-66.611215,18.155679,-66.453368,18.371834
county,72041,Cidra,Cidra Municipio,PR,Puerto Rico,-66.242884,18.132577,-66.094522,18.230373
county,72043,Coamo,Coamo Municipio,PR,Puerto Rico,-66.444560,18.015501,-66.257527,18.176674
county,72045,Comerío,Comerío Municipio,PR,Puerto Rico,-66.270900,18.172858,-66.169126,18.277096
county,72047,Corozal,Corozal Municipio,PR,Puerto Rico,-66.383033,18.238689,-66.278076,18.370063
county,72049,Culebra,Culebra Municipio,PR,Puerto Rico,-65.341496,18.277724,-65.221077,18.349953
county,72051,Dorado,Dorado Municipio,PR,Puerto Rico,-66.317421,18.383101,-66.198941,18.480069
county,72053,Fajardo,Fajardo Municipio,PR,Puerto Rico,-65.753591,18.267744,-65.564794,18.391488
county,72054,Florida,Florida Municipio,PR,Puerto Rico,-66.591656,18.337308,-66.530964,18.413309
county,72055,Guánica,Guánica Municipio,PR,Puerto Rico,-66.980924,17.926674,-66.859568,18.033648
county,72057,Guayama,Guayama Municipio,PR,Puerto Rico,-66.213102,17.929201,-66.053146,18.107584
county,72059,Guayanilla,Guayanilla Municipio,PR,Puerto Rico,-66.852452,17.949988,-66.732925,18.138733
county,72061,Guaynabo,Guaynabo Municipio,PR,Puerto Rico,-66.144114,18.277714,-66.080428,18.440542
county,72063,Gurabo,Gurabo Municipio,PR,Puerto Rico,-66.030724,18.206992,-65.918535,18.311183
county,72065,Hatillo,Hatillo Municipio,PR,Puerto Rico,-66.838634,18.320738,-66.764998,18.492918
county,72067,Hormigueros,Hormigueros Municipio,PR,Puerto Rico,-67.159733,18.103974,-67.077812,18.160334
county,72069,Humacao,Humacao Municipio,PR,Puerto Rico,-65.877615,18.069489,-65.739162,18.206759
county,72071,Isabela,Isabela Municipio,PR,Puerto Rico,-67.103216,18.375230,-66.921885,18.516023
county,72073,Jayuya,Jayuya Municipio,PR,Puerto Rico,-66.654491,18.149772,-66.531023,18.300317
county,72075,Juana Díaz,Juana Díaz Municipio,PR,Puerto Rico,-66.565409,17.973975,-66.421054,18.153283
county,72077,Juncos,Juncos Municipio,PR,Puerto Rico,-65.951627,18.142845,-65.851729,18.270130
county,72079,Lajas,Lajas Municipio,PR,Puerto Rico,-67.115765,17.946296,-66.958796,18.066141
county,72081,Lares,Lares Municipio,PR,Puerto Rico,-66.912859,18.170357,-66.817133,18.367606
county,72083,Las Marías,Las Marías Municipio,PR,Puerto Rico,-67.082002,18.187744,-66.897964,18.289944
county,72085,Las Piedras,Las Piedras Municipio,PR,Puerto Rico,-65.928341,18.118167,-65.815664,18.275246
county,72087,Loíza,Loíza Municipio,PR,Puerto Rico,-65.993401,18.378198,-65.828844,18.460362
county,72089,Luquillo,Luquillo Municipio,PR,Puerto Rico,-65.770546,18.288031,-65.669958,18.389362
county,72091,Manatí,Manatí Municipio,PR,Puerto Rico,-66.543567,18.350255,-66.438735,18.485714
county,72093,Maricao,Maricao Municipio,PR,Puerto Rico,-67.051461,18.137981,-66.836760,18.207773
county,72095,Maunabo,Maunabo Municipio,PR,Puerto Rico,-65.989120,17.978371,-65.850685,18.061251
county,72097,Mayagüez,Mayagüez Municipio,PR,Puerto Rico,-67.945404,18.053435,-67.017388,18.390020
county,72099,Moca,Moca Municipio,PR,Puerto Rico,-67.134515,18.306655,-67.027173,18.460954
county,72101,Morovis,Morovis Municipio,PR,Puerto Rico,-66.465142,18.256112,-66.365272,18.377910
county,72103,Naguabo,Naguabo Municipio,PR,Puerto Rico,-65.831388,18.173546,-65.657799,18.296529
county,72105,Naranjito,Naranjito Municipio,PR,Puerto Rico,-66.314074,18.241481,-66.204659,18.334194
county,72107,Orocovis,Orocovis Municipio,PR,Puerto Rico,-66.547160,18.147470,-66.350398,18.293976
county,72109,Patillas,Patillas Municipio,PR,Puerto Rico,-66.089399,17.967600,-65.912471,18.109878
county,72111,Peñuelas,Peñuelas Municipio,PR,Puerto Rico,-66.769690,17.975739,-66.676826,18.135082
county,72113,Ponce,Ponce Municipio,PR,Puerto Rico,-66.699139,17.883280,-66.509580,18.172162
county,72115,Quebradillas,Quebradillas Municipio,PR,Puerto Rico,-66.968559,18.365651,-66.898928,18.491495
county,72117,Rincón,Rincón Municipio,PR,Puerto Rico,-67.271223,18.296888,-67.181877,18.375504
county,72119,Río Grande,Río Grande Municipio,PR,Puerto Rico,-65.876710,18.271680,-65.748582,18.423026
county,72121,Sabana Grande,Sabana Grande Municipio,PR,Puerto Rico,-66.985040,18.023327,-66.884834,18.151434
county,72123,Salinas,Salinas Municipio,PR,Puerto Rico,-66.342573,17.936850,-66.166145,18.095769
county,72125,San Germán,San Germán Municipio,PR,Puerto Rico,-67.109044,18.052409,-66.970369,18.174053
county,72127,San Juan,San Juan Municipio,PR,Puerto Rico,-66.124852,18.296608,-65.991427,18.471557
county,72129,San Lorenzo,San Lorenzo Municipio,PR,Puerto Rico,-66.052736,18.075565,-65.920665,18.229409
county,72131,San Sebastián,San Sebastián Municipio,PR,Puerto Rico,-67.052583,18.252072,-66.891869,18.395127
county,72133,Santa Isabel,Santa Isabel Municipio,PR,Puerto Rico,-66.452099,17.938208,-66.331244,18.042627
county,72135,Toa Alta,Toa Alta Municipio,PR,Puerto Rico,-66.319144,18.315908,-66.196980,18.401464
county,72137,Toa Baja,Toa Baja Municipio,PR,Puerto Rico,-66.264323,18.389289,-66.134534,18.475641
county,72139,Trujillo Alto,Trujillo Alto Municipio,PR,Puerto Rico,-66.041535,18.293469,-65.938986,18.380568
county,72141,Utuado,Utuado Municipio,PR,Puerto Rico,-66.831215,18.150743,-66.566620,18.349675
county,72143,Vega Alta,Vega Alta Municipio,PR,Puerto Rico,-66.378134,18.330720,-66.299612,18.484562
county,72145,Vega Baja,Vega Baja Municipio,PR,Puerto Rico,-66.448994,18.342508,-66.347686,18.492584
county,72147,Vieques,Vieques Municipio,PR,Puerto Rico,-65.577238,18.080144,-65.267713,18.162302
county,72149,Villalba,Villalba Municipio,PR,Puerto Rico,-66.530138,18.080967,-66.418836,18.178854
county,72151,Yabucoa,Yabucoa Municipio,PR,Puerto Rico,-66.010668,18.011472,-65.796936,18.126030
county,72153,Yauco,Yauco Municipio,PR,Puerto Rico,-66.926517,17.954602,-66.796056,18.171242
county,78010,St. Croix,St. Croix Island,VI,United States Virgin Islands,-64.903564,17.674678,-64.565594,17.790172
county,78020,St. John,St. John Island,VI,United States Virgin Islands,-64.839345,18.298203,-64.648680,18.372905
county,78030,St. Thomas,St. Thomas Island,VI,United States Virgin Islands,-65.085362,18.273968,-64.814219,18.415815
